<?xml version="1.0" encoding="UTF-8"?>
<gpx creator="StravaGPX" version="1.1" xmlns="http://www.topografix.com/GPX/1/1" xmlns:xsi="http://www.w3.org/2001/XMLSchema-instance" xsi:schemaLocation="http://www.topografix.com/GPX/1/1 http://www.topografix.com/GPX/1/1/gpx.xsd">
 <metadata>
  <name>萧山画 8 林峰-反爬安顶</name>
  <author>
   <name>Jeff Wen</name>
   <link href="https://www.strava.com/athletes/105641635"/>
  </author>
  <copyright author="OpenStreetMap contributors">
   <year>2020</year>
   <license>https://www.openstreetmap.org/copyright</license>
  </copyright>
  <link href="https://www.strava.com/routes/3471175980004081864"/>
 </metadata>
 <trk>
  <name>萧山画 8 林峰-反爬安顶</name>
  <link href="https://www.strava.com/routes/3471175980004081864"/>
  <type>cycling</type>
  <trkseg>
   <trkpt lat="30.06987" lon="120.11436">
    <ele>13.850000000000001</ele>
   </trkpt>
   <trkpt lat="30.069770000000002" lon="120.11451000000001">
    <ele>13.770000000000001</ele>
   </trkpt>
   <trkpt lat="30.069183333654607" lon="120.11471000236493">
    <ele>13.82</ele>
   </trkpt>
   <trkpt lat="30.068596667006496" lon="120.11491000235858">
    <ele>14.0</ele>
   </trkpt>
   <trkpt lat="30.06801" lon="120.11511000000002">
    <ele>14.560000000000002</ele>
   </trkpt>
   <trkpt lat="30.06744000084046" lon="120.11557000261718">
    <ele>15.290000000000001</ele>
   </trkpt>
   <trkpt lat="30.06687" lon="120.11603000000001">
    <ele>16.27</ele>
   </trkpt>
   <trkpt lat="30.0664199999469" lon="120.11612000042595">
    <ele>16.700000000000003</ele>
   </trkpt>
   <trkpt lat="30.065970000000004" lon="120.11621000000001">
    <ele>17.310000000000002</ele>
   </trkpt>
   <trkpt lat="30.06553000009145" lon="120.11650000143864">
    <ele>18.3</ele>
   </trkpt>
   <trkpt lat="30.06509" lon="120.11679000000001">
    <ele>19.33</ele>
   </trkpt>
   <trkpt lat="30.0644750002974" lon="120.11646499792668">
    <ele>20.14</ele>
   </trkpt>
   <trkpt lat="30.063860000000002" lon="120.11614000000002">
    <ele>21.96</ele>
   </trkpt>
   <trkpt lat="30.06369" lon="120.1161">
    <ele>22.42</ele>
   </trkpt>
   <trkpt lat="30.06316000011929" lon="120.11622500065509">
    <ele>23.540000000000003</ele>
   </trkpt>
   <trkpt lat="30.062630000000002" lon="120.11635000000001">
    <ele>25.240000000000002</ele>
   </trkpt>
   <trkpt lat="30.062070000640336" lon="120.11664333665777">
    <ele>27.31</ele>
   </trkpt>
   <trkpt lat="30.061510000629564" lon="120.1169366699967">
    <ele>29.41</ele>
   </trkpt>
   <trkpt lat="30.060950000000002" lon="120.11723">
    <ele>32.620000000000005</ele>
   </trkpt>
   <trkpt lat="30.06046500086793" lon="120.11772500248536">
    <ele>38.49</ele>
   </trkpt>
   <trkpt lat="30.059980000000003" lon="120.11822000000001">
    <ele>48.440000000000005</ele>
   </trkpt>
   <trkpt lat="30.059580000000004" lon="120.11834">
    <ele>51.88</ele>
   </trkpt>
   <trkpt lat="30.059120000000004" lon="120.11834">
    <ele>52.440000000000005</ele>
   </trkpt>
   <trkpt lat="30.05871" lon="120.11824000000001">
    <ele>53.00000000000001</ele>
   </trkpt>
   <trkpt lat="30.058305000309897" lon="120.11786499826036">
    <ele>53.64000000000001</ele>
   </trkpt>
   <trkpt lat="30.057900000000004" lon="120.11749">
    <ele>53.56</ele>
   </trkpt>
   <trkpt lat="30.057660000000002" lon="120.11715000000001">
    <ele>52.38</ele>
   </trkpt>
   <trkpt lat="30.05759" lon="120.11680000000001">
    <ele>50.97</ele>
   </trkpt>
   <trkpt lat="30.057450000000003" lon="120.11654000000001">
    <ele>50.72</ele>
   </trkpt>
   <trkpt lat="30.05711" lon="120.11649000000001">
    <ele>51.4</ele>
   </trkpt>
   <trkpt lat="30.056270000084734" lon="120.11631499850887">
    <ele>57.190000000000005</ele>
   </trkpt>
   <trkpt lat="30.05543" lon="120.11614000000002">
    <ele>61.370000000000005</ele>
   </trkpt>
   <trkpt lat="30.05485666700543" lon="120.11593666432128">
    <ele>65.98</ele>
   </trkpt>
   <trkpt lat="30.05428333369805" lon="120.11573333099716">
    <ele>68.91</ele>
   </trkpt>
   <trkpt lat="30.053710000000002" lon="120.11553">
    <ele>74.66</ele>
   </trkpt>
   <trkpt lat="30.053390000000004" lon="120.11546000000001">
    <ele>76.47000000000001</ele>
   </trkpt>
   <trkpt lat="30.05272" lon="120.11593">
    <ele>83.12</ele>
   </trkpt>
   <trkpt lat="30.052400000000002" lon="120.11600000000001">
    <ele>86.61</ele>
   </trkpt>
   <trkpt lat="30.05223" lon="120.11589000000001">
    <ele>89.75000000000001</ele>
   </trkpt>
   <trkpt lat="30.05253" lon="120.11567000000001">
    <ele>92.13</ele>
   </trkpt>
   <trkpt lat="30.052930000000003" lon="120.11518000000001">
    <ele>94.9</ele>
   </trkpt>
   <trkpt lat="30.053150000000002" lon="120.11500000000001">
    <ele>98.27000000000001</ele>
   </trkpt>
   <trkpt lat="30.053040000000003" lon="120.11487000000001">
    <ele>100.32000000000001</ele>
   </trkpt>
   <trkpt lat="30.052270000000004" lon="120.1153">
    <ele>107.94000000000001</ele>
   </trkpt>
   <trkpt lat="30.052090000000003" lon="120.11542000000001">
    <ele>109.01</ele>
   </trkpt>
   <trkpt lat="30.051880000000004" lon="120.11542000000001">
    <ele>111.62</ele>
   </trkpt>
   <trkpt lat="30.051890000000004" lon="120.11532000000001">
    <ele>112.12</ele>
   </trkpt>
   <trkpt lat="30.052410000000002" lon="120.11494">
    <ele>114.83000000000001</ele>
   </trkpt>
   <trkpt lat="30.052950000000003" lon="120.11446000000001">
    <ele>120.32000000000001</ele>
   </trkpt>
   <trkpt lat="30.052920000000004" lon="120.11434000000001">
    <ele>121.71000000000001</ele>
   </trkpt>
   <trkpt lat="30.052630000000004" lon="120.11442000000001">
    <ele>123.88</ele>
   </trkpt>
   <trkpt lat="30.05205" lon="120.11473000000001">
    <ele>128.39000000000001</ele>
   </trkpt>
   <trkpt lat="30.051540000000003" lon="120.11510000000001">
    <ele>134.26000000000002</ele>
   </trkpt>
   <trkpt lat="30.051180000000002" lon="120.11508">
    <ele>137.14000000000001</ele>
   </trkpt>
   <trkpt lat="30.050770000000004" lon="120.11540000000001">
    <ele>140.76000000000002</ele>
   </trkpt>
   <trkpt lat="30.049930000000003" lon="120.11548">
    <ele>145.71</ele>
   </trkpt>
   <trkpt lat="30.04941500012759" lon="120.11566500096265">
    <ele>147.94000000000003</ele>
   </trkpt>
   <trkpt lat="30.048900000000003" lon="120.11585000000001">
    <ele>151.2</ele>
   </trkpt>
   <trkpt lat="30.04877" lon="120.11616000000001">
    <ele>152.78</ele>
   </trkpt>
   <trkpt lat="30.047940000000004" lon="120.11646">
    <ele>160.66000000000003</ele>
   </trkpt>
   <trkpt lat="30.047890000000002" lon="120.11668000000002">
    <ele>162.28</ele>
   </trkpt>
   <trkpt lat="30.047760000000004" lon="120.11676000000001">
    <ele>165.38000000000002</ele>
   </trkpt>
   <trkpt lat="30.047620000000002" lon="120.11668000000002">
    <ele>166.78</ele>
   </trkpt>
   <trkpt lat="30.047600000000003" lon="120.11648000000001">
    <ele>168.19</ele>
   </trkpt>
   <trkpt lat="30.04765" lon="120.11629">
    <ele>169.13</ele>
   </trkpt>
   <trkpt lat="30.048260000000003" lon="120.11580000000001">
    <ele>175.92000000000002</ele>
   </trkpt>
   <trkpt lat="30.048370000000002" lon="120.11561">
    <ele>177.23000000000002</ele>
   </trkpt>
   <trkpt lat="30.0484" lon="120.11549000000001">
    <ele>179.11</ele>
   </trkpt>
   <trkpt lat="30.04838" lon="120.11542000000001">
    <ele>179.11</ele>
   </trkpt>
   <trkpt lat="30.04829" lon="120.11541000000001">
    <ele>179.91</ele>
   </trkpt>
   <trkpt lat="30.048180000000002" lon="120.11566">
    <ele>181.72000000000003</ele>
   </trkpt>
   <trkpt lat="30.047960000000003" lon="120.11577000000001">
    <ele>182.78000000000003</ele>
   </trkpt>
   <trkpt lat="30.047590000000003" lon="120.11581000000001">
    <ele>186.05</ele>
   </trkpt>
   <trkpt lat="30.047430000000002" lon="120.11597">
    <ele>187.79000000000002</ele>
   </trkpt>
   <trkpt lat="30.047190000000004" lon="120.11617000000001">
    <ele>189.48000000000002</ele>
   </trkpt>
   <trkpt lat="30.047120000000003" lon="120.11629">
    <ele>190.89</ele>
   </trkpt>
   <trkpt lat="30.04707" lon="120.11631000000001">
    <ele>191.96</ele>
   </trkpt>
   <trkpt lat="30.047000000000004" lon="120.11629">
    <ele>192.47</ele>
   </trkpt>
   <trkpt lat="30.04697" lon="120.11622000000001">
    <ele>192.93</ele>
   </trkpt>
   <trkpt lat="30.047000000000004" lon="120.11608000000001">
    <ele>193.68</ele>
   </trkpt>
   <trkpt lat="30.047300000000003" lon="120.11588">
    <ele>196.8</ele>
   </trkpt>
   <trkpt lat="30.04737" lon="120.11557">
    <ele>199.55</ele>
   </trkpt>
   <trkpt lat="30.04746" lon="120.11549000000001">
    <ele>199.9</ele>
   </trkpt>
   <trkpt lat="30.047620000000002" lon="120.11550000000001">
    <ele>201.18000000000004</ele>
   </trkpt>
   <trkpt lat="30.047750000000004" lon="120.11548">
    <ele>202.66</ele>
   </trkpt>
   <trkpt lat="30.047790000000003" lon="120.11544">
    <ele>203.11</ele>
   </trkpt>
   <trkpt lat="30.047790000000003" lon="120.11539">
    <ele>203.51000000000002</ele>
   </trkpt>
   <trkpt lat="30.04772" lon="120.11535">
    <ele>204.20000000000002</ele>
   </trkpt>
   <trkpt lat="30.047510000000003" lon="120.11534">
    <ele>205.28</ele>
   </trkpt>
   <trkpt lat="30.04737" lon="120.11531000000001">
    <ele>206.23000000000002</ele>
   </trkpt>
   <trkpt lat="30.047210000000003" lon="120.11544">
    <ele>207.43</ele>
   </trkpt>
   <trkpt lat="30.04716" lon="120.11558000000001">
    <ele>208.22</ele>
   </trkpt>
   <trkpt lat="30.047060000000002" lon="120.11566">
    <ele>209.51000000000002</ele>
   </trkpt>
   <trkpt lat="30.046770000000002" lon="120.11565000000002">
    <ele>212.74</ele>
   </trkpt>
   <trkpt lat="30.046440000000004" lon="120.11588">
    <ele>216.94000000000003</ele>
   </trkpt>
   <trkpt lat="30.04633" lon="120.11586000000001">
    <ele>218.52</ele>
   </trkpt>
   <trkpt lat="30.046310000000002" lon="120.1157">
    <ele>218.93</ele>
   </trkpt>
   <trkpt lat="30.04634" lon="120.11559000000001">
    <ele>221.07000000000002</ele>
   </trkpt>
   <trkpt lat="30.046550000000003" lon="120.11552">
    <ele>222.95000000000002</ele>
   </trkpt>
   <trkpt lat="30.046660000000003" lon="120.11540000000001">
    <ele>223.65</ele>
   </trkpt>
   <trkpt lat="30.046660000000003" lon="120.11534">
    <ele>223.65</ele>
   </trkpt>
   <trkpt lat="30.046590000000002" lon="120.11534">
    <ele>224.31</ele>
   </trkpt>
   <trkpt lat="30.046390000000002" lon="120.11543">
    <ele>225.99</ele>
   </trkpt>
   <trkpt lat="30.046190000000003" lon="120.11540000000001">
    <ele>226.94000000000003</ele>
   </trkpt>
   <trkpt lat="30.046030000000002" lon="120.11545000000001">
    <ele>228.52</ele>
   </trkpt>
   <trkpt lat="30.045980000000004" lon="120.11560000000001">
    <ele>230.04000000000002</ele>
   </trkpt>
   <trkpt lat="30.046080000000003" lon="120.11604000000001">
    <ele>234.73000000000002</ele>
   </trkpt>
   <trkpt lat="30.04632" lon="120.11621000000001">
    <ele>238.64000000000001</ele>
   </trkpt>
   <trkpt lat="30.046370000000003" lon="120.11635000000001">
    <ele>240.16</ele>
   </trkpt>
   <trkpt lat="30.04633" lon="120.11645000000001">
    <ele>241.23000000000002</ele>
   </trkpt>
   <trkpt lat="30.04632" lon="120.11654000000001">
    <ele>241.23000000000002</ele>
   </trkpt>
   <trkpt lat="30.046380000000003" lon="120.11666000000001">
    <ele>243.47000000000003</ele>
   </trkpt>
   <trkpt lat="30.046460000000003" lon="120.11675000000001">
    <ele>246.34000000000003</ele>
   </trkpt>
   <trkpt lat="30.04651" lon="120.11688000000001">
    <ele>246.34000000000003</ele>
   </trkpt>
   <trkpt lat="30.046480000000003" lon="120.11699000000002">
    <ele>247.45000000000002</ele>
   </trkpt>
   <trkpt lat="30.046400000000002" lon="120.11709">
    <ele>251.01000000000002</ele>
   </trkpt>
   <trkpt lat="30.046110000000002" lon="120.11722">
    <ele>252.32000000000005</ele>
   </trkpt>
   <trkpt lat="30.046060000000004" lon="120.11735000000002">
    <ele>253.39</ele>
   </trkpt>
   <trkpt lat="30.046170000000004" lon="120.11766000000001">
    <ele>256.77</ele>
   </trkpt>
   <trkpt lat="30.04615" lon="120.11787000000001">
    <ele>258.26000000000005</ele>
   </trkpt>
   <trkpt lat="30.046020000000002" lon="120.11810000000001">
    <ele>261.32</ele>
   </trkpt>
   <trkpt lat="30.04613" lon="120.11839">
    <ele>262.45</ele>
   </trkpt>
   <trkpt lat="30.046160000000004" lon="120.11868000000001">
    <ele>266.47</ele>
   </trkpt>
   <trkpt lat="30.04615" lon="120.11884">
    <ele>266.47</ele>
   </trkpt>
   <trkpt lat="30.04605" lon="120.11908000000001">
    <ele>268.88</ele>
   </trkpt>
   <trkpt lat="30.046070000000004" lon="120.11937">
    <ele>270.28000000000003</ele>
   </trkpt>
   <trkpt lat="30.046110000000002" lon="120.11957000000001">
    <ele>272.77</ele>
   </trkpt>
   <trkpt lat="30.046030000000002" lon="120.12041">
    <ele>277.98</ele>
   </trkpt>
   <trkpt lat="30.04568" lon="120.12119000000001">
    <ele>283.63000000000005</ele>
   </trkpt>
   <trkpt lat="30.045430000000003" lon="120.12160000000002">
    <ele>289.54</ele>
   </trkpt>
   <trkpt lat="30.045340000000003" lon="120.12183">
    <ele>292.05</ele>
   </trkpt>
   <trkpt lat="30.045340000000003" lon="120.12204000000001">
    <ele>294.37</ele>
   </trkpt>
   <trkpt lat="30.04539" lon="120.12221000000001">
    <ele>295.26</ele>
   </trkpt>
   <trkpt lat="30.045500000000004" lon="120.12229">
    <ele>296.42</ele>
   </trkpt>
   <trkpt lat="30.045780000000004" lon="120.12215">
    <ele>298.35</ele>
   </trkpt>
   <trkpt lat="30.046080000000003" lon="120.12203000000001">
    <ele>301.27000000000004</ele>
   </trkpt>
   <trkpt lat="30.046170000000004" lon="120.12191000000001">
    <ele>301.97</ele>
   </trkpt>
   <trkpt lat="30.046260000000004" lon="120.12165000000002">
    <ele>303.95</ele>
   </trkpt>
   <trkpt lat="30.046550000000003" lon="120.12134">
    <ele>306.73</ele>
   </trkpt>
   <trkpt lat="30.046660000000003" lon="120.12108">
    <ele>307.99</ele>
   </trkpt>
   <trkpt lat="30.046830000000003" lon="120.12093000000002">
    <ele>309.1</ele>
   </trkpt>
   <trkpt lat="30.047000000000004" lon="120.12091000000001">
    <ele>309.57</ele>
   </trkpt>
   <trkpt lat="30.047210000000003" lon="120.12074000000001">
    <ele>310.72</ele>
   </trkpt>
   <trkpt lat="30.047310000000003" lon="120.12035000000002">
    <ele>312.61</ele>
   </trkpt>
   <trkpt lat="30.047380000000004" lon="120.12019000000001">
    <ele>314.14000000000004</ele>
   </trkpt>
   <trkpt lat="30.04746" lon="120.12015000000001">
    <ele>315.08000000000004</ele>
   </trkpt>
   <trkpt lat="30.047490000000003" lon="120.12020000000001">
    <ele>316.63</ele>
   </trkpt>
   <trkpt lat="30.047410000000003" lon="120.12042000000001">
    <ele>317.95</ele>
   </trkpt>
   <trkpt lat="30.047340000000002" lon="120.12082000000001">
    <ele>320.67</ele>
   </trkpt>
   <trkpt lat="30.047240000000002" lon="120.12100000000001">
    <ele>321.54</ele>
   </trkpt>
   <trkpt lat="30.047020000000003" lon="120.12117">
    <ele>323.73</ele>
   </trkpt>
   <trkpt lat="30.046920000000004" lon="120.12131000000001">
    <ele>324.31000000000006</ele>
   </trkpt>
   <trkpt lat="30.046860000000002" lon="120.12153">
    <ele>325.51</ele>
   </trkpt>
   <trkpt lat="30.046680000000002" lon="120.12173000000001">
    <ele>326.04</ele>
   </trkpt>
   <trkpt lat="30.046580000000002" lon="120.12203000000001">
    <ele>326.83</ele>
   </trkpt>
   <trkpt lat="30.046580000000002" lon="120.12252000000001">
    <ele>329.03000000000003</ele>
   </trkpt>
   <trkpt lat="30.046530000000004" lon="120.12267000000001">
    <ele>329.03000000000003</ele>
   </trkpt>
   <trkpt lat="30.046270000000003" lon="120.12275000000001">
    <ele>330.62</ele>
   </trkpt>
   <trkpt lat="30.046060000000004" lon="120.12299000000002">
    <ele>333.25000000000006</ele>
   </trkpt>
   <trkpt lat="30.045830000000002" lon="120.12307000000001">
    <ele>335.19000000000005</ele>
   </trkpt>
   <trkpt lat="30.045600000000004" lon="120.12327">
    <ele>338.44</ele>
   </trkpt>
   <trkpt lat="30.044990000000002" lon="120.12397000000001">
    <ele>345.94</ele>
   </trkpt>
   <trkpt lat="30.04473" lon="120.12468000000001">
    <ele>352.59000000000003</ele>
   </trkpt>
   <trkpt lat="30.044380000000004" lon="120.12466">
    <ele>354.28000000000003</ele>
   </trkpt>
   <trkpt lat="30.04426" lon="120.12456000000002">
    <ele>354.66</ele>
   </trkpt>
   <trkpt lat="30.044200000000004" lon="120.12406000000001">
    <ele>356.69</ele>
   </trkpt>
   <trkpt lat="30.04407" lon="120.12359000000001">
    <ele>360.82000000000005</ele>
   </trkpt>
   <trkpt lat="30.043960000000002" lon="120.12396000000001">
    <ele>363.93</ele>
   </trkpt>
   <trkpt lat="30.04388" lon="120.12463000000001">
    <ele>369.69</ele>
   </trkpt>
   <trkpt lat="30.043930000000003" lon="120.12487000000002">
    <ele>370.70000000000005</ele>
   </trkpt>
   <trkpt lat="30.04399" lon="120.12500000000001">
    <ele>371.09000000000003</ele>
   </trkpt>
   <trkpt lat="30.044670000000004" lon="120.12525000000001">
    <ele>372.68</ele>
   </trkpt>
   <trkpt lat="30.045530000000003" lon="120.12552000000001">
    <ele>382.16</ele>
   </trkpt>
   <trkpt lat="30.045540000000003" lon="120.12557000000001">
    <ele>382.16</ele>
   </trkpt>
   <trkpt lat="30.045260000000003" lon="120.12565000000001">
    <ele>385.45</ele>
   </trkpt>
   <trkpt lat="30.044705000040725" lon="120.12563499991704">
    <ele>389.27</ele>
   </trkpt>
   <trkpt lat="30.044150000000002" lon="120.12562000000001">
    <ele>394.79</ele>
   </trkpt>
   <trkpt lat="30.04367500019054" lon="120.12581000088944">
    <ele>401.44</ele>
   </trkpt>
   <trkpt lat="30.043200000000002" lon="120.126">
    <ele>404.38</ele>
   </trkpt>
   <trkpt lat="30.042980000000004" lon="120.12583000000001">
    <ele>404.68</ele>
   </trkpt>
   <trkpt lat="30.043100000000003" lon="120.12512000000001">
    <ele>407.25000000000006</ele>
   </trkpt>
   <trkpt lat="30.043100000000003" lon="120.12469000000002">
    <ele>409.21000000000004</ele>
   </trkpt>
   <trkpt lat="30.043070000000004" lon="120.12450000000001">
    <ele>412.17</ele>
   </trkpt>
   <trkpt lat="30.042980000000004" lon="120.12450000000001">
    <ele>412.17</ele>
   </trkpt>
   <trkpt lat="30.042930000000002" lon="120.12459000000001">
    <ele>413.5</ele>
   </trkpt>
   <trkpt lat="30.042930000000002" lon="120.12490000000001">
    <ele>416.24000000000007</ele>
   </trkpt>
   <trkpt lat="30.042830000000002" lon="120.12532000000002">
    <ele>418.54</ele>
   </trkpt>
   <trkpt lat="30.042700000000004" lon="120.12562000000001">
    <ele>419.67</ele>
   </trkpt>
   <trkpt lat="30.0422" lon="120.12630000000001">
    <ele>425.76</ele>
   </trkpt>
   <trkpt lat="30.041985001195474" lon="120.12686500125719">
    <ele>428.52</ele>
   </trkpt>
   <trkpt lat="30.041770000000003" lon="120.12743">
    <ele>432.31</ele>
   </trkpt>
   <trkpt lat="30.041700000000002" lon="120.12789000000001">
    <ele>436.32000000000005</ele>
   </trkpt>
   <trkpt lat="30.041680000000003" lon="120.12831000000001">
    <ele>437.19</ele>
   </trkpt>
   <trkpt lat="30.04153" lon="120.12839000000001">
    <ele>436.82000000000005</ele>
   </trkpt>
   <trkpt lat="30.04117" lon="120.12818000000001">
    <ele>434.99</ele>
   </trkpt>
   <trkpt lat="30.041050000000002" lon="120.12799000000001">
    <ele>431.36</ele>
   </trkpt>
   <trkpt lat="30.04099" lon="120.12773000000001">
    <ele>427.57000000000005</ele>
   </trkpt>
   <trkpt lat="30.040930000000003" lon="120.12756000000002">
    <ele>425.01000000000005</ele>
   </trkpt>
   <trkpt lat="30.04089" lon="120.12755000000001">
    <ele>425.01000000000005</ele>
   </trkpt>
   <trkpt lat="30.040830000000003" lon="120.12760000000002">
    <ele>422.22</ele>
   </trkpt>
   <trkpt lat="30.040750000000003" lon="120.12778000000002">
    <ele>420.47</ele>
   </trkpt>
   <trkpt lat="30.040540000000004" lon="120.12804000000001">
    <ele>413.92</ele>
   </trkpt>
   <trkpt lat="30.040530000000004" lon="120.12822000000001">
    <ele>411.41</ele>
   </trkpt>
   <trkpt lat="30.040550000000003" lon="120.12842">
    <ele>410.2</ele>
   </trkpt>
   <trkpt lat="30.040480000000002" lon="120.12881000000002">
    <ele>409.68000000000006</ele>
   </trkpt>
   <trkpt lat="30.0404" lon="120.12903000000001">
    <ele>411.0</ele>
   </trkpt>
   <trkpt lat="30.0404" lon="120.12911000000001">
    <ele>411.94</ele>
   </trkpt>
   <trkpt lat="30.040460000000003" lon="120.12929000000001">
    <ele>414.02000000000004</ele>
   </trkpt>
   <trkpt lat="30.040470000000003" lon="120.12941000000001">
    <ele>414.52000000000004</ele>
   </trkpt>
   <trkpt lat="30.040225001141067" lon="120.12996000136663">
    <ele>420.02000000000004</ele>
   </trkpt>
   <trkpt lat="30.039980000000003" lon="120.13051000000002">
    <ele>423.76</ele>
   </trkpt>
   <trkpt lat="30.039890000000003" lon="120.13057">
    <ele>423.95000000000005</ele>
   </trkpt>
   <trkpt lat="30.039780000000004" lon="120.13061">
    <ele>423.68000000000006</ele>
   </trkpt>
   <trkpt lat="30.039640000000002" lon="120.13063000000001">
    <ele>422.84000000000003</ele>
   </trkpt>
   <trkpt lat="30.03949" lon="120.13075">
    <ele>420.64</ele>
   </trkpt>
   <trkpt lat="30.039340000000003" lon="120.13084">
    <ele>419.45000000000005</ele>
   </trkpt>
   <trkpt lat="30.039150000000003" lon="120.13090000000001">
    <ele>418.33000000000004</ele>
   </trkpt>
   <trkpt lat="30.039030000000004" lon="120.13101">
    <ele>417.72</ele>
   </trkpt>
   <trkpt lat="30.038990000000002" lon="120.13115">
    <ele>416.63000000000005</ele>
   </trkpt>
   <trkpt lat="30.038990000000002" lon="120.13130000000001">
    <ele>415.86</ele>
   </trkpt>
   <trkpt lat="30.039120000000004" lon="120.13180000000001">
    <ele>410.91</ele>
   </trkpt>
   <trkpt lat="30.039130000000004" lon="120.13274000000001">
    <ele>398.0</ele>
   </trkpt>
   <trkpt lat="30.039080000000002" lon="120.13295000000001">
    <ele>395.66</ele>
   </trkpt>
   <trkpt lat="30.03892" lon="120.13318000000001">
    <ele>393.6</ele>
   </trkpt>
   <trkpt lat="30.038750000000004" lon="120.13353000000001">
    <ele>393.92</ele>
   </trkpt>
   <trkpt lat="30.038560000000004" lon="120.13402">
    <ele>394.93000000000006</ele>
   </trkpt>
   <trkpt lat="30.03854" lon="120.13489000000001">
    <ele>389.3</ele>
   </trkpt>
   <trkpt lat="30.03815" lon="120.13562">
    <ele>388.11</ele>
   </trkpt>
   <trkpt lat="30.037940000000003" lon="120.13591000000001">
    <ele>393.25000000000006</ele>
   </trkpt>
   <trkpt lat="30.0377" lon="120.13639">
    <ele>398.21</ele>
   </trkpt>
   <trkpt lat="30.037640000000003" lon="120.13644000000001">
    <ele>398.85</ele>
   </trkpt>
   <trkpt lat="30.037560000000003" lon="120.13647">
    <ele>399.3</ele>
   </trkpt>
   <trkpt lat="30.037480000000002" lon="120.13645000000001">
    <ele>399.45000000000005</ele>
   </trkpt>
   <trkpt lat="30.037160000000004" lon="120.13616">
    <ele>399.45000000000005</ele>
   </trkpt>
   <trkpt lat="30.036590000000004" lon="120.13554">
    <ele>397.72</ele>
   </trkpt>
   <trkpt lat="30.03637" lon="120.13514">
    <ele>393.89</ele>
   </trkpt>
   <trkpt lat="30.036230000000003" lon="120.13463000000002">
    <ele>388.17</ele>
   </trkpt>
   <trkpt lat="30.036020000000004" lon="120.13417000000001">
    <ele>386.24</ele>
   </trkpt>
   <trkpt lat="30.035940000000004" lon="120.1341">
    <ele>385.58000000000004</ele>
   </trkpt>
   <trkpt lat="30.035860000000003" lon="120.13408000000001">
    <ele>384.85</ele>
   </trkpt>
   <trkpt lat="30.035760000000003" lon="120.13415">
    <ele>384.40000000000003</ele>
   </trkpt>
   <trkpt lat="30.035600000000002" lon="120.13432000000002">
    <ele>381.58000000000004</ele>
   </trkpt>
   <trkpt lat="30.03534" lon="120.13478">
    <ele>379.44000000000005</ele>
   </trkpt>
   <trkpt lat="30.035200000000003" lon="120.13494000000001">
    <ele>379.24</ele>
   </trkpt>
   <trkpt lat="30.035010000000003" lon="120.13509">
    <ele>379.17</ele>
   </trkpt>
   <trkpt lat="30.034730000000003" lon="120.13555000000001">
    <ele>378.49000000000007</ele>
   </trkpt>
   <trkpt lat="30.03459" lon="120.13566000000002">
    <ele>377.78</ele>
   </trkpt>
   <trkpt lat="30.034430000000004" lon="120.13574000000001">
    <ele>376.69</ele>
   </trkpt>
   <trkpt lat="30.0343" lon="120.13584000000002">
    <ele>375.51</ele>
   </trkpt>
   <trkpt lat="30.03412" lon="120.13609000000001">
    <ele>372.61000000000007</ele>
   </trkpt>
   <trkpt lat="30.03404" lon="120.13611000000002">
    <ele>371.4</ele>
   </trkpt>
   <trkpt lat="30.033720000000002" lon="120.13608">
    <ele>366.88000000000005</ele>
   </trkpt>
   <trkpt lat="30.033580000000004" lon="120.13611000000002">
    <ele>365.14</ele>
   </trkpt>
   <trkpt lat="30.033520000000003" lon="120.13617">
    <ele>365.14</ele>
   </trkpt>
   <trkpt lat="30.033450000000002" lon="120.13643">
    <ele>360.75</ele>
   </trkpt>
   <trkpt lat="30.033450000000002" lon="120.13654000000001">
    <ele>360.75</ele>
   </trkpt>
   <trkpt lat="30.033590000000004" lon="120.13709000000001">
    <ele>354.09000000000003</ele>
   </trkpt>
   <trkpt lat="30.033590000000004" lon="120.13734000000001">
    <ele>352.38</ele>
   </trkpt>
   <trkpt lat="30.033420000000003" lon="120.13815000000001">
    <ele>352.90999999999997</ele>
   </trkpt>
   <trkpt lat="30.033360000000002" lon="120.13819000000001">
    <ele>352.89000000000004</ele>
   </trkpt>
   <trkpt lat="30.03329" lon="120.13821000000002">
    <ele>352.58</ele>
   </trkpt>
   <trkpt lat="30.033" lon="120.13809">
    <ele>349.77000000000004</ele>
   </trkpt>
   <trkpt lat="30.032510000000002" lon="120.13738000000001">
    <ele>343.62</ele>
   </trkpt>
   <trkpt lat="30.03234" lon="120.13717000000001">
    <ele>343.16</ele>
   </trkpt>
   <trkpt lat="30.032200000000003" lon="120.13706">
    <ele>342.78000000000003</ele>
   </trkpt>
   <trkpt lat="30.03206" lon="120.13703000000001">
    <ele>342.31</ele>
   </trkpt>
   <trkpt lat="30.031920000000003" lon="120.13704000000001">
    <ele>341.92</ele>
   </trkpt>
   <trkpt lat="30.031850000000002" lon="120.1371">
    <ele>341.49</ele>
   </trkpt>
   <trkpt lat="30.031850000000002" lon="120.13744000000001">
    <ele>340.18</ele>
   </trkpt>
   <trkpt lat="30.031940000000002" lon="120.13819000000001">
    <ele>341.72</ele>
   </trkpt>
   <trkpt lat="30.031950000000002" lon="120.13878000000001">
    <ele>340.94</ele>
   </trkpt>
   <trkpt lat="30.03205" lon="120.13938">
    <ele>340.94</ele>
   </trkpt>
   <trkpt lat="30.032030000000002" lon="120.13944000000001">
    <ele>340.78000000000003</ele>
   </trkpt>
   <trkpt lat="30.031930000000003" lon="120.13954000000001">
    <ele>340.01000000000005</ele>
   </trkpt>
   <trkpt lat="30.03187" lon="120.13964000000001">
    <ele>339.34000000000003</ele>
   </trkpt>
   <trkpt lat="30.03179" lon="120.13984">
    <ele>337.77</ele>
   </trkpt>
   <trkpt lat="30.031740000000003" lon="120.13990000000001">
    <ele>336.28000000000003</ele>
   </trkpt>
   <trkpt lat="30.031530000000004" lon="120.13998000000001">
    <ele>333.6</ele>
   </trkpt>
   <trkpt lat="30.031370000000003" lon="120.13998000000001">
    <ele>332.34000000000003</ele>
   </trkpt>
   <trkpt lat="30.031270000000003" lon="120.13997">
    <ele>331.95</ele>
   </trkpt>
   <trkpt lat="30.031160000000003" lon="120.13989000000001">
    <ele>330.31000000000006</ele>
   </trkpt>
   <trkpt lat="30.03111" lon="120.13979">
    <ele>330.31000000000006</ele>
   </trkpt>
   <trkpt lat="30.03111" lon="120.1397">
    <ele>329.17</ele>
   </trkpt>
   <trkpt lat="30.03121" lon="120.13943">
    <ele>328.5</ele>
   </trkpt>
   <trkpt lat="30.03123" lon="120.13883000000001">
    <ele>328.0</ele>
   </trkpt>
   <trkpt lat="30.031190000000002" lon="120.13869000000001">
    <ele>328.21</ele>
   </trkpt>
   <trkpt lat="30.030990000000003" lon="120.13853">
    <ele>328.04</ele>
   </trkpt>
   <trkpt lat="30.030880000000003" lon="120.1384">
    <ele>327.52000000000004</ele>
   </trkpt>
   <trkpt lat="30.030690000000003" lon="120.13828000000001">
    <ele>325.78000000000003</ele>
   </trkpt>
   <trkpt lat="30.03029" lon="120.13819000000001">
    <ele>324.36</ele>
   </trkpt>
   <trkpt lat="30.030250000000002" lon="120.13810000000001">
    <ele>323.89</ele>
   </trkpt>
   <trkpt lat="30.030250000000002" lon="120.13799000000002">
    <ele>323.12</ele>
   </trkpt>
   <trkpt lat="30.030310000000004" lon="120.13776000000001">
    <ele>320.84000000000003</ele>
   </trkpt>
   <trkpt lat="30.030350000000002" lon="120.13769">
    <ele>320.44</ele>
   </trkpt>
   <trkpt lat="30.030510000000003" lon="120.13752000000001">
    <ele>318.68</ele>
   </trkpt>
   <trkpt lat="30.030540000000002" lon="120.13743000000001">
    <ele>318.68</ele>
   </trkpt>
   <trkpt lat="30.030490000000004" lon="120.13725000000001">
    <ele>317.1</ele>
   </trkpt>
   <trkpt lat="30.030410000000003" lon="120.13711">
    <ele>316.20000000000005</ele>
   </trkpt>
   <trkpt lat="30.03028" lon="120.13695000000001">
    <ele>314.66</ele>
   </trkpt>
   <trkpt lat="30.03027" lon="120.13687000000002">
    <ele>314.66</ele>
   </trkpt>
   <trkpt lat="30.030310000000004" lon="120.13675">
    <ele>313.82000000000005</ele>
   </trkpt>
   <trkpt lat="30.030520000000003" lon="120.13644000000001">
    <ele>313.03000000000003</ele>
   </trkpt>
   <trkpt lat="30.03055" lon="120.13637000000001">
    <ele>312.47</ele>
   </trkpt>
   <trkpt lat="30.03055" lon="120.13628000000001">
    <ele>312.47</ele>
   </trkpt>
   <trkpt lat="30.030490000000004" lon="120.13611000000002">
    <ele>311.81</ele>
   </trkpt>
   <trkpt lat="30.030440000000002" lon="120.13605000000001">
    <ele>310.1</ele>
   </trkpt>
   <trkpt lat="30.03037" lon="120.13600000000001">
    <ele>310.1</ele>
   </trkpt>
   <trkpt lat="30.030150000000003" lon="120.13595000000001">
    <ele>308.57</ele>
   </trkpt>
   <trkpt lat="30.029920000000004" lon="120.13593000000002">
    <ele>307.01</ele>
   </trkpt>
   <trkpt lat="30.029790000000002" lon="120.13588000000001">
    <ele>307.01</ele>
   </trkpt>
   <trkpt lat="30.029740000000004" lon="120.13579000000001">
    <ele>305.8</ele>
   </trkpt>
   <trkpt lat="30.029690000000002" lon="120.13562">
    <ele>305.38000000000005</ele>
   </trkpt>
   <trkpt lat="30.029660000000003" lon="120.13557000000002">
    <ele>305.19</ele>
   </trkpt>
   <trkpt lat="30.02962" lon="120.13554">
    <ele>305.03000000000003</ele>
   </trkpt>
   <trkpt lat="30.02953" lon="120.13553">
    <ele>304.75</ele>
   </trkpt>
   <trkpt lat="30.02933" lon="120.13562">
    <ele>304.29</ele>
   </trkpt>
   <trkpt lat="30.02925" lon="120.13561000000001">
    <ele>304.03000000000003</ele>
   </trkpt>
   <trkpt lat="30.029210000000003" lon="120.13554">
    <ele>303.84</ele>
   </trkpt>
   <trkpt lat="30.029200000000003" lon="120.13525000000001">
    <ele>302.67</ele>
   </trkpt>
   <trkpt lat="30.02916" lon="120.13513">
    <ele>301.53000000000003</ele>
   </trkpt>
   <trkpt lat="30.029090000000004" lon="120.13510000000001">
    <ele>301.53000000000003</ele>
   </trkpt>
   <trkpt lat="30.02896" lon="120.13509">
    <ele>301.53000000000003</ele>
   </trkpt>
   <trkpt lat="30.028890000000004" lon="120.13505">
    <ele>300.04</ele>
   </trkpt>
   <trkpt lat="30.028830000000003" lon="120.13485000000001">
    <ele>299.27000000000004</ele>
   </trkpt>
   <trkpt lat="30.02878" lon="120.13477">
    <ele>298.41</ele>
   </trkpt>
   <trkpt lat="30.028710000000004" lon="120.13476000000001">
    <ele>298.41</ele>
   </trkpt>
   <trkpt lat="30.02849" lon="120.13479000000001">
    <ele>296.74</ele>
   </trkpt>
   <trkpt lat="30.02839" lon="120.13473">
    <ele>295.19</ele>
   </trkpt>
   <trkpt lat="30.028290000000002" lon="120.13433">
    <ele>293.26</ele>
   </trkpt>
   <trkpt lat="30.0283" lon="120.13422000000001">
    <ele>291.6</ele>
   </trkpt>
   <trkpt lat="30.028350000000003" lon="120.13412000000001">
    <ele>291.6</ele>
   </trkpt>
   <trkpt lat="30.02868" lon="120.13377000000001">
    <ele>289.44</ele>
   </trkpt>
   <trkpt lat="30.028720000000003" lon="120.1337">
    <ele>288.84000000000003</ele>
   </trkpt>
   <trkpt lat="30.028730000000003" lon="120.13365">
    <ele>288.48</ele>
   </trkpt>
   <trkpt lat="30.02869" lon="120.13352">
    <ele>288.48</ele>
   </trkpt>
   <trkpt lat="30.028630000000003" lon="120.13343">
    <ele>286.58</ele>
   </trkpt>
   <trkpt lat="30.028560000000002" lon="120.13336000000001">
    <ele>285.87</ele>
   </trkpt>
   <trkpt lat="30.02849" lon="120.13333000000002">
    <ele>285.55</ele>
   </trkpt>
   <trkpt lat="30.02839" lon="120.13333000000002">
    <ele>284.71000000000004</ele>
   </trkpt>
   <trkpt lat="30.028080000000003" lon="120.13342000000002">
    <ele>283.07000000000005</ele>
   </trkpt>
   <trkpt lat="30.02785" lon="120.13338000000002">
    <ele>281.64</ele>
   </trkpt>
   <trkpt lat="30.027600000000003" lon="120.13358000000001">
    <ele>278.44</ele>
   </trkpt>
   <trkpt lat="30.027500000000003" lon="120.13363000000001">
    <ele>277.87</ele>
   </trkpt>
   <trkpt lat="30.02736" lon="120.13361">
    <ele>277.44</ele>
   </trkpt>
   <trkpt lat="30.027210000000004" lon="120.13356">
    <ele>276.42</ele>
   </trkpt>
   <trkpt lat="30.027150000000002" lon="120.13349000000001">
    <ele>276.13000000000005</ele>
   </trkpt>
   <trkpt lat="30.027140000000003" lon="120.13338000000002">
    <ele>275.19000000000005</ele>
   </trkpt>
   <trkpt lat="30.027230000000003" lon="120.13308">
    <ele>273.67</ele>
   </trkpt>
   <trkpt lat="30.027230000000003" lon="120.13297000000001">
    <ele>273.67</ele>
   </trkpt>
   <trkpt lat="30.02718" lon="120.13286000000001">
    <ele>272.69000000000005</ele>
   </trkpt>
   <trkpt lat="30.0271" lon="120.13282000000001">
    <ele>272.51000000000005</ele>
   </trkpt>
   <trkpt lat="30.026870000000002" lon="120.13275000000002">
    <ele>272.02000000000004</ele>
   </trkpt>
   <trkpt lat="30.026790000000002" lon="120.13268000000001">
    <ele>271.94</ele>
   </trkpt>
   <trkpt lat="30.026780000000002" lon="120.13260000000001">
    <ele>271.83</ele>
   </trkpt>
   <trkpt lat="30.02689" lon="120.13243000000001">
    <ele>271.06</ele>
   </trkpt>
   <trkpt lat="30.026920000000004" lon="120.13234000000001">
    <ele>270.98</ele>
   </trkpt>
   <trkpt lat="30.02691" lon="120.13222">
    <ele>270.99</ele>
   </trkpt>
   <trkpt lat="30.0268" lon="120.132">
    <ele>271.35</ele>
   </trkpt>
   <trkpt lat="30.026770000000003" lon="120.13183000000001">
    <ele>271.87</ele>
   </trkpt>
   <trkpt lat="30.026790000000002" lon="120.13159">
    <ele>272.02000000000004</ele>
   </trkpt>
   <trkpt lat="30.026760000000003" lon="120.13149000000001">
    <ele>271.90000000000003</ele>
   </trkpt>
   <trkpt lat="30.026680000000002" lon="120.13143000000001">
    <ele>271.90000000000003</ele>
   </trkpt>
   <trkpt lat="30.02644" lon="120.13137">
    <ele>272.1</ele>
   </trkpt>
   <trkpt lat="30.02635" lon="120.13132000000002">
    <ele>272.55</ele>
   </trkpt>
   <trkpt lat="30.026040000000002" lon="120.13095000000001">
    <ele>272.04</ele>
   </trkpt>
   <trkpt lat="30.02596" lon="120.13100000000001">
    <ele>271.82</ele>
   </trkpt>
   <trkpt lat="30.025750000000002" lon="120.13137">
    <ele>272.61</ele>
   </trkpt>
   <trkpt lat="30.025260000000003" lon="120.13180000000001">
    <ele>277.26</ele>
   </trkpt>
   <trkpt lat="30.024990000000003" lon="120.13194000000001">
    <ele>278.48</ele>
   </trkpt>
   <trkpt lat="30.02475" lon="120.13215000000001">
    <ele>281.16</ele>
   </trkpt>
   <trkpt lat="30.024570000000004" lon="120.13219000000001">
    <ele>284.93</ele>
   </trkpt>
   <trkpt lat="30.024390000000004" lon="120.13219000000001">
    <ele>284.93</ele>
   </trkpt>
   <trkpt lat="30.023870000000002" lon="120.13211000000001">
    <ele>292.83000000000004</ele>
   </trkpt>
   <trkpt lat="30.0238" lon="120.13213">
    <ele>293.04</ele>
   </trkpt>
   <trkpt lat="30.023770000000003" lon="120.13216000000001">
    <ele>293.04</ele>
   </trkpt>
   <trkpt lat="30.023750000000003" lon="120.13227">
    <ele>293.7</ele>
   </trkpt>
   <trkpt lat="30.023770000000003" lon="120.1324">
    <ele>293.7</ele>
   </trkpt>
   <trkpt lat="30.023960000000002" lon="120.13281">
    <ele>295.54</ele>
   </trkpt>
   <trkpt lat="30.024" lon="120.13295000000001">
    <ele>295.92</ele>
   </trkpt>
   <trkpt lat="30.024" lon="120.13305000000001">
    <ele>297.3</ele>
   </trkpt>
   <trkpt lat="30.023940000000003" lon="120.13323000000001">
    <ele>297.54</ele>
   </trkpt>
   <trkpt lat="30.023840000000003" lon="120.13336000000001">
    <ele>299.03000000000003</ele>
   </trkpt>
   <trkpt lat="30.02351" lon="120.13363000000001">
    <ele>303.6</ele>
   </trkpt>
   <trkpt lat="30.023450000000004" lon="120.13374">
    <ele>304.19</ele>
   </trkpt>
   <trkpt lat="30.02343" lon="120.13388">
    <ele>304.57</ele>
   </trkpt>
   <trkpt lat="30.02344" lon="120.13419">
    <ele>304.61</ele>
   </trkpt>
   <trkpt lat="30.02342" lon="120.13435000000001">
    <ele>304.82000000000005</ele>
   </trkpt>
   <trkpt lat="30.023170000000004" lon="120.13470000000001">
    <ele>305.85</ele>
   </trkpt>
   <trkpt lat="30.023120000000002" lon="120.13491">
    <ele>306.50000000000006</ele>
   </trkpt>
   <trkpt lat="30.02305" lon="120.13553">
    <ele>312.56</ele>
   </trkpt>
   <trkpt lat="30.023000000000003" lon="120.13565000000001">
    <ele>313.01</ele>
   </trkpt>
   <trkpt lat="30.02287" lon="120.13583000000001">
    <ele>314.28</ele>
   </trkpt>
   <trkpt lat="30.022730000000003" lon="120.13591000000001">
    <ele>314.73</ele>
   </trkpt>
   <trkpt lat="30.022320000000004" lon="120.13593000000002">
    <ele>314.06</ele>
   </trkpt>
   <trkpt lat="30.022000000000002" lon="120.13601000000001">
    <ele>314.82000000000005</ele>
   </trkpt>
   <trkpt lat="30.021890000000003" lon="120.13598">
    <ele>315.1</ele>
   </trkpt>
   <trkpt lat="30.021780000000003" lon="120.13585">
    <ele>315.40000000000003</ele>
   </trkpt>
   <trkpt lat="30.02156" lon="120.13575000000002">
    <ele>316.21999999999997</ele>
   </trkpt>
   <trkpt lat="30.021390000000004" lon="120.13575000000002">
    <ele>317.98</ele>
   </trkpt>
   <trkpt lat="30.021150000000002" lon="120.13584000000002">
    <ele>321.12</ele>
   </trkpt>
   <trkpt lat="30.020840000000003" lon="120.13581">
    <ele>323.28000000000003</ele>
   </trkpt>
   <trkpt lat="30.020750000000003" lon="120.1359">
    <ele>323.28000000000003</ele>
   </trkpt>
   <trkpt lat="30.02053" lon="120.13603">
    <ele>323.95</ele>
   </trkpt>
   <trkpt lat="30.020200000000003" lon="120.13598">
    <ele>326.65000000000003</ele>
   </trkpt>
   <trkpt lat="30.019750000000002" lon="120.13587000000001">
    <ele>332.34000000000003</ele>
   </trkpt>
   <trkpt lat="30.01948" lon="120.13599">
    <ele>334.63000000000005</ele>
   </trkpt>
   <trkpt lat="30.019320000000004" lon="120.13602000000002">
    <ele>335.3</ele>
   </trkpt>
   <trkpt lat="30.019130000000004" lon="120.13615000000001">
    <ele>336.34000000000003</ele>
   </trkpt>
   <trkpt lat="30.018510000000003" lon="120.13618000000001">
    <ele>340.24</ele>
   </trkpt>
   <trkpt lat="30.018190000000004" lon="120.13629000000002">
    <ele>340.98</ele>
   </trkpt>
   <trkpt lat="30.017920000000004" lon="120.13645000000001">
    <ele>341.93</ele>
   </trkpt>
   <trkpt lat="30.01732" lon="120.13646000000001">
    <ele>346.34000000000003</ele>
   </trkpt>
   <trkpt lat="30.01694" lon="120.13658000000001">
    <ele>347.15000000000003</ele>
   </trkpt>
   <trkpt lat="30.016620000000003" lon="120.13665">
    <ele>347.5</ele>
   </trkpt>
   <trkpt lat="30.016430000000003" lon="120.13675">
    <ele>347.88</ele>
   </trkpt>
   <trkpt lat="30.0163" lon="120.13686000000001">
    <ele>348.74000000000007</ele>
   </trkpt>
   <trkpt lat="30.016140000000004" lon="120.13691000000001">
    <ele>349.55</ele>
   </trkpt>
   <trkpt lat="30.016080000000002" lon="120.13687000000002">
    <ele>349.68000000000006</ele>
   </trkpt>
   <trkpt lat="30.016080000000002" lon="120.13680000000001">
    <ele>349.68000000000006</ele>
   </trkpt>
   <trkpt lat="30.016180000000002" lon="120.13665">
    <ele>351.21000000000004</ele>
   </trkpt>
   <trkpt lat="30.016360000000002" lon="120.13646000000001">
    <ele>353.50000000000006</ele>
   </trkpt>
   <trkpt lat="30.016440000000003" lon="120.13641000000001">
    <ele>354.11</ele>
   </trkpt>
   <trkpt lat="30.016840000000002" lon="120.13633000000002">
    <ele>355.11</ele>
   </trkpt>
   <trkpt lat="30.017304999994234" lon="120.13626000033187">
    <ele>355.58</ele>
   </trkpt>
   <trkpt lat="30.017770000000002" lon="120.13619000000001">
    <ele>356.7</ele>
   </trkpt>
   <trkpt lat="30.018040000000003" lon="120.13600000000001">
    <ele>356.91</ele>
   </trkpt>
   <trkpt lat="30.01835" lon="120.13592000000001">
    <ele>357.26</ele>
   </trkpt>
   <trkpt lat="30.018860000000004" lon="120.13572">
    <ele>362.25</ele>
   </trkpt>
   <trkpt lat="30.019160000000003" lon="120.13550000000001">
    <ele>363.59000000000003</ele>
   </trkpt>
   <trkpt lat="30.019890000000004" lon="120.13529000000001">
    <ele>362.39000000000004</ele>
   </trkpt>
   <trkpt lat="30.020310000000002" lon="120.13522">
    <ele>364.08</ele>
   </trkpt>
   <trkpt lat="30.02109" lon="120.13481000000002">
    <ele>373.1700000000001</ele>
   </trkpt>
   <trkpt lat="30.021440000000002" lon="120.13474000000001">
    <ele>373.51</ele>
   </trkpt>
   <trkpt lat="30.02164" lon="120.13476000000001">
    <ele>373.51</ele>
   </trkpt>
   <trkpt lat="30.021890000000003" lon="120.13473">
    <ele>374.57</ele>
   </trkpt>
   <trkpt lat="30.022070000000003" lon="120.13473">
    <ele>375.56</ele>
   </trkpt>
   <trkpt lat="30.022170000000003" lon="120.13462000000001">
    <ele>376.14000000000004</ele>
   </trkpt>
   <trkpt lat="30.022170000000003" lon="120.13436000000002">
    <ele>377.86</ele>
   </trkpt>
   <trkpt lat="30.022380000000002" lon="120.13388">
    <ele>381.46000000000004</ele>
   </trkpt>
   <trkpt lat="30.022350000000003" lon="120.13371000000001">
    <ele>383.71999999999997</ele>
   </trkpt>
   <trkpt lat="30.022360000000003" lon="120.13372000000001">
    <ele>383.71999999999997</ele>
   </trkpt>
   <trkpt lat="30.022270000000002" lon="120.13368000000001">
    <ele>384.55000000000007</ele>
   </trkpt>
   <trkpt lat="30.021950000000004" lon="120.13428">
    <ele>389.97</ele>
   </trkpt>
   <trkpt lat="30.021790000000003" lon="120.13442">
    <ele>390.49000000000007</ele>
   </trkpt>
   <trkpt lat="30.021310000000003" lon="120.13444000000001">
    <ele>390.49000000000007</ele>
   </trkpt>
   <trkpt lat="30.02099" lon="120.13448000000001">
    <ele>392.20000000000005</ele>
   </trkpt>
   <trkpt lat="30.020760000000003" lon="120.13446">
    <ele>394.71</ele>
   </trkpt>
   <trkpt lat="30.020460000000003" lon="120.13458000000001">
    <ele>396.76000000000005</ele>
   </trkpt>
   <trkpt lat="30.020010000000003" lon="120.13468">
    <ele>400.76</ele>
   </trkpt>
   <trkpt lat="30.019510000000004" lon="120.13466000000001">
    <ele>406.76</ele>
   </trkpt>
   <trkpt lat="30.019330000000004" lon="120.13467000000001">
    <ele>410.05</ele>
   </trkpt>
   <trkpt lat="30.018880000000003" lon="120.13480000000001">
    <ele>416.46999999999997</ele>
   </trkpt>
   <trkpt lat="30.01854" lon="120.13486">
    <ele>422.93</ele>
   </trkpt>
   <trkpt lat="30.01828" lon="120.13486">
    <ele>425.21000000000004</ele>
   </trkpt>
   <trkpt lat="30.01828" lon="120.13478">
    <ele>425.21000000000004</ele>
   </trkpt>
   <trkpt lat="30.018770000000004" lon="120.13458000000001">
    <ele>433.79</ele>
   </trkpt>
   <trkpt lat="30.019230000000004" lon="120.13414000000002">
    <ele>443.3</ele>
   </trkpt>
   <trkpt lat="30.019530000000003" lon="120.13394000000001">
    <ele>447.34000000000003</ele>
   </trkpt>
   <trkpt lat="30.01977" lon="120.13381000000001">
    <ele>454.6600000000001</ele>
   </trkpt>
   <trkpt lat="30.01996" lon="120.13363000000001">
    <ele>458.86</ele>
   </trkpt>
   <trkpt lat="30.02006" lon="120.13336000000001">
    <ele>462.31000000000006</ele>
   </trkpt>
   <trkpt lat="30.020190000000003" lon="120.13322000000001">
    <ele>463.38</ele>
   </trkpt>
   <trkpt lat="30.02044" lon="120.13313000000001">
    <ele>467.40000000000003</ele>
   </trkpt>
   <trkpt lat="30.020640000000004" lon="120.13317">
    <ele>470.27000000000004</ele>
   </trkpt>
   <trkpt lat="30.020780000000002" lon="120.13309000000001">
    <ele>470.27000000000004</ele>
   </trkpt>
   <trkpt lat="30.02079" lon="120.13278000000001">
    <ele>475.03000000000003</ele>
   </trkpt>
   <trkpt lat="30.020640000000004" lon="120.13241000000001">
    <ele>480.15000000000003</ele>
   </trkpt>
   <trkpt lat="30.020490000000002" lon="120.13213">
    <ele>480.78000000000003</ele>
   </trkpt>
   <trkpt lat="30.020490000000002" lon="120.13212000000001">
    <ele>480.78000000000003</ele>
   </trkpt>
   <trkpt lat="30.020390000000003" lon="120.13208000000002">
    <ele>481.91</ele>
   </trkpt>
   <trkpt lat="30.020450000000004" lon="120.13241000000001">
    <ele>484.93</ele>
   </trkpt>
   <trkpt lat="30.02042" lon="120.13261000000001">
    <ele>485.61</ele>
   </trkpt>
   <trkpt lat="30.02023" lon="120.13267">
    <ele>486.61</ele>
   </trkpt>
   <trkpt lat="30.02004" lon="120.13270000000001">
    <ele>487.32</ele>
   </trkpt>
   <trkpt lat="30.019730000000003" lon="120.13259000000001">
    <ele>488.55</ele>
   </trkpt>
   <trkpt lat="30.019550000000002" lon="120.13271">
    <ele>490.18000000000006</ele>
   </trkpt>
   <trkpt lat="30.019350000000003" lon="120.13296000000001">
    <ele>496.40000000000003</ele>
   </trkpt>
   <trkpt lat="30.018570000000004" lon="120.13342000000002">
    <ele>503.8</ele>
   </trkpt>
   <trkpt lat="30.018300000000004" lon="120.13386000000001">
    <ele>505.01000000000005</ele>
   </trkpt>
   <trkpt lat="30.01809" lon="120.13399000000001">
    <ele>504.65000000000003</ele>
   </trkpt>
   <trkpt lat="30.017910000000004" lon="120.13397">
    <ele>504.9</ele>
   </trkpt>
   <trkpt lat="30.017640000000004" lon="120.13363000000001">
    <ele>506.94000000000005</ele>
   </trkpt>
   <trkpt lat="30.017290000000003" lon="120.13347000000002">
    <ele>509.55000000000007</ele>
   </trkpt>
   <trkpt lat="30.017100000000003" lon="120.13319000000001">
    <ele>508.77000000000004</ele>
   </trkpt>
   <trkpt lat="30.01705" lon="120.13297000000001">
    <ele>507.36</ele>
   </trkpt>
   <trkpt lat="30.016910000000003" lon="120.13267">
    <ele>504.63</ele>
   </trkpt>
   <trkpt lat="30.01668" lon="120.13246000000001">
    <ele>502.05</ele>
   </trkpt>
   <trkpt lat="30.016410000000004" lon="120.1324">
    <ele>499.56000000000006</ele>
   </trkpt>
   <trkpt lat="30.016170000000002" lon="120.13245">
    <ele>498.57</ele>
   </trkpt>
   <trkpt lat="30.01591" lon="120.13271">
    <ele>499.09000000000003</ele>
   </trkpt>
   <trkpt lat="30.01554" lon="120.13303">
    <ele>503.89000000000004</ele>
   </trkpt>
   <trkpt lat="30.015000000000004" lon="120.13305000000001">
    <ele>511.74000000000007</ele>
   </trkpt>
   <trkpt lat="30.014470000000003" lon="120.13295000000001">
    <ele>514.3000000000001</ele>
   </trkpt>
   <trkpt lat="30.014190000000003" lon="120.13285">
    <ele>514.35</ele>
   </trkpt>
   <trkpt lat="30.014470000000003" lon="120.13295000000001">
    <ele>514.3000000000001</ele>
   </trkpt>
   <trkpt lat="30.015000000000004" lon="120.13305000000001">
    <ele>511.74000000000007</ele>
   </trkpt>
   <trkpt lat="30.01554" lon="120.13303">
    <ele>503.89000000000004</ele>
   </trkpt>
   <trkpt lat="30.01591" lon="120.13271">
    <ele>499.09000000000003</ele>
   </trkpt>
   <trkpt lat="30.016170000000002" lon="120.13245">
    <ele>498.57</ele>
   </trkpt>
   <trkpt lat="30.016410000000004" lon="120.1324">
    <ele>499.56000000000006</ele>
   </trkpt>
   <trkpt lat="30.01668" lon="120.13246000000001">
    <ele>502.05</ele>
   </trkpt>
   <trkpt lat="30.016910000000003" lon="120.13267">
    <ele>504.63</ele>
   </trkpt>
   <trkpt lat="30.01705" lon="120.13297000000001">
    <ele>507.36</ele>
   </trkpt>
   <trkpt lat="30.017100000000003" lon="120.13319000000001">
    <ele>508.27</ele>
   </trkpt>
   <trkpt lat="30.017280000000003" lon="120.13345000000001">
    <ele>509.55000000000007</ele>
   </trkpt>
   <trkpt lat="30.017100000000003" lon="120.13319000000001">
    <ele>508.77000000000004</ele>
   </trkpt>
   <trkpt lat="30.01705" lon="120.13297000000001">
    <ele>507.36</ele>
   </trkpt>
   <trkpt lat="30.016910000000003" lon="120.13267">
    <ele>504.63</ele>
   </trkpt>
   <trkpt lat="30.01668" lon="120.13246000000001">
    <ele>502.05</ele>
   </trkpt>
   <trkpt lat="30.016410000000004" lon="120.1324">
    <ele>499.85</ele>
   </trkpt>
   <trkpt lat="30.016170000000002" lon="120.13245">
    <ele>498.57</ele>
   </trkpt>
   <trkpt lat="30.01591" lon="120.13271">
    <ele>498.86</ele>
   </trkpt>
   <trkpt lat="30.01554" lon="120.13303">
    <ele>503.89000000000004</ele>
   </trkpt>
   <trkpt lat="30.015000000000004" lon="120.13305000000001">
    <ele>511.74000000000007</ele>
   </trkpt>
   <trkpt lat="30.014470000000003" lon="120.13295000000001">
    <ele>514.11</ele>
   </trkpt>
   <trkpt lat="30.01413" lon="120.13284000000002">
    <ele>514.24</ele>
   </trkpt>
   <trkpt lat="30.013890000000004" lon="120.13269000000001">
    <ele>513.6200000000001</ele>
   </trkpt>
   <trkpt lat="30.013640000000002" lon="120.13267">
    <ele>512.48</ele>
   </trkpt>
   <trkpt lat="30.01329" lon="120.13249">
    <ele>511.41</ele>
   </trkpt>
   <trkpt lat="30.013070000000003" lon="120.13249">
    <ele>512.33</ele>
   </trkpt>
   <trkpt lat="30.012800000000002" lon="120.13231">
    <ele>515.0100000000001</ele>
   </trkpt>
   <trkpt lat="30.012610000000002" lon="120.13232">
    <ele>515.76</ele>
   </trkpt>
   <trkpt lat="30.012380000000004" lon="120.13257000000002">
    <ele>515.45</ele>
   </trkpt>
   <trkpt lat="30.012120000000003" lon="120.13279000000001">
    <ele>513.9</ele>
   </trkpt>
   <trkpt lat="30.011940000000003" lon="120.13275000000002">
    <ele>511.83</ele>
   </trkpt>
   <trkpt lat="30.011730000000004" lon="120.13238000000001">
    <ele>508.0300000000001</ele>
   </trkpt>
   <trkpt lat="30.011480000000002" lon="120.13173">
    <ele>505.70000000000005</ele>
   </trkpt>
   <trkpt lat="30.011540000000004" lon="120.13139000000001">
    <ele>506.55000000000007</ele>
   </trkpt>
   <trkpt lat="30.0115" lon="120.13112000000001">
    <ele>508.15</ele>
   </trkpt>
   <trkpt lat="30.01141" lon="120.13080000000001">
    <ele>507.94000000000005</ele>
   </trkpt>
   <trkpt lat="30.01141" lon="120.13050000000001">
    <ele>506.6400000000001</ele>
   </trkpt>
   <trkpt lat="30.01143" lon="120.13033000000001">
    <ele>506.6400000000001</ele>
   </trkpt>
   <trkpt lat="30.011570000000003" lon="120.13001000000001">
    <ele>506.21000000000004</ele>
   </trkpt>
   <trkpt lat="30.01159" lon="120.12969000000001">
    <ele>506.71</ele>
   </trkpt>
   <trkpt lat="30.011450000000004" lon="120.12932">
    <ele>508.5200000000001</ele>
   </trkpt>
   <trkpt lat="30.011270000000003" lon="120.12906000000001">
    <ele>509.33000000000004</ele>
   </trkpt>
   <trkpt lat="30.010970000000004" lon="120.12889000000001">
    <ele>509.9600000000001</ele>
   </trkpt>
   <trkpt lat="30.0101" lon="120.12884000000001">
    <ele>509.01000000000005</ele>
   </trkpt>
   <trkpt lat="30.009660000000004" lon="120.12874000000001">
    <ele>509.19</ele>
   </trkpt>
   <trkpt lat="30.009380000000004" lon="120.12877">
    <ele>510.04</ele>
   </trkpt>
   <trkpt lat="30.008940000000003" lon="120.12865000000001">
    <ele>512.8000000000001</ele>
   </trkpt>
   <trkpt lat="30.008820000000004" lon="120.12866000000001">
    <ele>513.2800000000001</ele>
   </trkpt>
   <trkpt lat="30.008740000000003" lon="120.12877">
    <ele>513.54</ele>
   </trkpt>
   <trkpt lat="30.008530000000004" lon="120.12888000000001">
    <ele>513.1800000000001</ele>
   </trkpt>
   <trkpt lat="30.007900000000003" lon="120.12911000000001">
    <ele>512.94</ele>
   </trkpt>
   <trkpt lat="30.007540000000002" lon="120.12892000000001">
    <ele>511.78000000000003</ele>
   </trkpt>
   <trkpt lat="30.007160000000002" lon="120.12896">
    <ele>511.37</ele>
   </trkpt>
   <trkpt lat="30.006740000000004" lon="120.12872000000002">
    <ele>512.83</ele>
   </trkpt>
   <trkpt lat="30.006330000000002" lon="120.12862000000001">
    <ele>513.41</ele>
   </trkpt>
   <trkpt lat="30.005820000000003" lon="120.12868">
    <ele>512.12</ele>
   </trkpt>
   <trkpt lat="30.005530000000004" lon="120.12865000000001">
    <ele>513.07</ele>
   </trkpt>
   <trkpt lat="30.005260000000003" lon="120.12842">
    <ele>515.72</ele>
   </trkpt>
   <trkpt lat="30.005010000000002" lon="120.12812000000001">
    <ele>516.8000000000001</ele>
   </trkpt>
   <trkpt lat="30.00467" lon="120.12801">
    <ele>516.46</ele>
   </trkpt>
   <trkpt lat="30.00429" lon="120.12793">
    <ele>517.14</ele>
   </trkpt>
   <trkpt lat="30.003860000000003" lon="120.12762000000001">
    <ele>515.98</ele>
   </trkpt>
   <trkpt lat="30.00353" lon="120.12753000000001">
    <ele>515.19</ele>
   </trkpt>
   <trkpt lat="30.00316" lon="120.1273">
    <ele>515.45</ele>
   </trkpt>
   <trkpt lat="30.003010000000003" lon="120.12705000000001">
    <ele>515.1800000000001</ele>
   </trkpt>
   <trkpt lat="30.00307" lon="120.12682000000001">
    <ele>515.4000000000001</ele>
   </trkpt>
   <trkpt lat="30.003180000000004" lon="120.12665000000001">
    <ele>516.71</ele>
   </trkpt>
   <trkpt lat="30.003210000000003" lon="120.12633000000001">
    <ele>517.19</ele>
   </trkpt>
   <trkpt lat="30.003190000000004" lon="120.126">
    <ele>516.27</ele>
   </trkpt>
   <trkpt lat="30.003100000000003" lon="120.12584000000001">
    <ele>515.6500000000001</ele>
   </trkpt>
   <trkpt lat="30.002800000000004" lon="120.12565000000001">
    <ele>512.49</ele>
   </trkpt>
   <trkpt lat="30.00241" lon="120.12507000000001">
    <ele>504.53000000000003</ele>
   </trkpt>
   <trkpt lat="30.00214" lon="120.12481000000001">
    <ele>502.6</ele>
   </trkpt>
   <trkpt lat="30.001880000000003" lon="120.12482000000001">
    <ele>502.8</ele>
   </trkpt>
   <trkpt lat="30.00155" lon="120.12496000000002">
    <ele>505.57000000000005</ele>
   </trkpt>
   <trkpt lat="30.001150000000003" lon="120.12504000000001">
    <ele>506.94000000000005</ele>
   </trkpt>
   <trkpt lat="30.0009" lon="120.12504000000001">
    <ele>505.95</ele>
   </trkpt>
   <trkpt lat="30.00062" lon="120.12493">
    <ele>502.63</ele>
   </trkpt>
   <trkpt lat="30.000280000000004" lon="120.12499000000001">
    <ele>499.7300000000001</ele>
   </trkpt>
   <trkpt lat="29.999890000000004" lon="120.12530000000001">
    <ele>494.86</ele>
   </trkpt>
   <trkpt lat="29.999620000000004" lon="120.12532000000002">
    <ele>493.95000000000005</ele>
   </trkpt>
   <trkpt lat="29.9994" lon="120.12517000000001">
    <ele>491.04</ele>
   </trkpt>
   <trkpt lat="29.999280000000002" lon="120.12488">
    <ele>487.69</ele>
   </trkpt>
   <trkpt lat="29.99931" lon="120.12450000000001">
    <ele>484.49</ele>
   </trkpt>
   <trkpt lat="29.99931" lon="120.12409000000001">
    <ele>481.55</ele>
   </trkpt>
   <trkpt lat="29.999240000000004" lon="120.12365000000001">
    <ele>479.11</ele>
   </trkpt>
   <trkpt lat="29.99904" lon="120.12337000000001">
    <ele>477.64000000000004</ele>
   </trkpt>
   <trkpt lat="29.998710000000003" lon="120.12337000000001">
    <ele>476.79</ele>
   </trkpt>
   <trkpt lat="29.99847" lon="120.12344000000002">
    <ele>475.65000000000003</ele>
   </trkpt>
   <trkpt lat="29.998150000000003" lon="120.12332">
    <ele>473.13000000000005</ele>
   </trkpt>
   <trkpt lat="29.99791" lon="120.12342000000001">
    <ele>472.13000000000005</ele>
   </trkpt>
   <trkpt lat="29.99762" lon="120.12376">
    <ele>473.25000000000006</ele>
   </trkpt>
   <trkpt lat="29.99726" lon="120.12399">
    <ele>475.01000000000005</ele>
   </trkpt>
   <trkpt lat="29.996920000000003" lon="120.12399">
    <ele>473.78000000000003</ele>
   </trkpt>
   <trkpt lat="29.996710000000004" lon="120.12412">
    <ele>471.67</ele>
   </trkpt>
   <trkpt lat="29.996420000000004" lon="120.12413000000001">
    <ele>469.4200000000001</ele>
   </trkpt>
   <trkpt lat="29.99602" lon="120.12394">
    <ele>464.06</ele>
   </trkpt>
   <trkpt lat="29.995800000000003" lon="120.12368000000001">
    <ele>461.47</ele>
   </trkpt>
   <trkpt lat="29.995500000000003" lon="120.12374000000001">
    <ele>461.3</ele>
   </trkpt>
   <trkpt lat="29.995230000000003" lon="120.12371000000002">
    <ele>462.36</ele>
   </trkpt>
   <trkpt lat="29.9948" lon="120.12298000000001">
    <ele>456.15000000000003</ele>
   </trkpt>
   <trkpt lat="29.99452" lon="120.12287">
    <ele>453.75000000000006</ele>
   </trkpt>
   <trkpt lat="29.994120000000002" lon="120.12290000000002">
    <ele>453.74</ele>
   </trkpt>
   <trkpt lat="29.993930000000002" lon="120.12287">
    <ele>454.47</ele>
   </trkpt>
   <trkpt lat="29.993930000000002" lon="120.12261000000001">
    <ele>454.40000000000003</ele>
   </trkpt>
   <trkpt lat="29.994020000000003" lon="120.12209000000001">
    <ele>453.69000000000005</ele>
   </trkpt>
   <trkpt lat="29.993890000000004" lon="120.12192">
    <ele>453.88000000000005</ele>
   </trkpt>
   <trkpt lat="29.993440000000003" lon="120.12187000000002">
    <ele>452.07</ele>
   </trkpt>
   <trkpt lat="29.992890000000003" lon="120.12177000000001">
    <ele>446.47</ele>
   </trkpt>
   <trkpt lat="29.99237" lon="120.12162000000001">
    <ele>443.04</ele>
   </trkpt>
   <trkpt lat="29.991860000000003" lon="120.12142000000001">
    <ele>438.65000000000003</ele>
   </trkpt>
   <trkpt lat="29.99132" lon="120.12133000000001">
    <ele>438.37</ele>
   </trkpt>
   <trkpt lat="29.99105" lon="120.12120000000002">
    <ele>439.83000000000004</ele>
   </trkpt>
   <trkpt lat="29.991010000000003" lon="120.12107">
    <ele>440.1700000000001</ele>
   </trkpt>
   <trkpt lat="29.991120000000002" lon="120.12098">
    <ele>439.65000000000003</ele>
   </trkpt>
   <trkpt lat="29.991540000000004" lon="120.12093000000002">
    <ele>437.32000000000005</ele>
   </trkpt>
   <trkpt lat="29.991880000000002" lon="120.12119000000001">
    <ele>437.05000000000007</ele>
   </trkpt>
   <trkpt lat="29.992160000000002" lon="120.12131000000001">
    <ele>437.41</ele>
   </trkpt>
   <trkpt lat="29.99237" lon="120.12115000000001">
    <ele>436.22</ele>
   </trkpt>
   <trkpt lat="29.992580000000004" lon="120.12087000000001">
    <ele>434.01000000000005</ele>
   </trkpt>
   <trkpt lat="29.992680000000004" lon="120.12063">
    <ele>431.13</ele>
   </trkpt>
   <trkpt lat="29.99284" lon="120.12051000000001">
    <ele>428.02</ele>
   </trkpt>
   <trkpt lat="29.993520000000004" lon="120.12012000000001">
    <ele>421.29</ele>
   </trkpt>
   <trkpt lat="29.993650000000002" lon="120.11980000000001">
    <ele>418.7</ele>
   </trkpt>
   <trkpt lat="29.993900000000004" lon="120.11961000000001">
    <ele>416.24000000000007</ele>
   </trkpt>
   <trkpt lat="29.993930000000002" lon="120.1192">
    <ele>414.15000000000003</ele>
   </trkpt>
   <trkpt lat="29.99376" lon="120.11861">
    <ele>411.48</ele>
   </trkpt>
   <trkpt lat="29.993540000000003" lon="120.11833000000001">
    <ele>407.91</ele>
   </trkpt>
   <trkpt lat="29.993320000000004" lon="120.11797000000001">
    <ele>404.38</ele>
   </trkpt>
   <trkpt lat="29.993260000000003" lon="120.11776">
    <ele>403.64000000000004</ele>
   </trkpt>
   <trkpt lat="29.993430000000004" lon="120.11752000000001">
    <ele>403.70000000000005</ele>
   </trkpt>
   <trkpt lat="29.993430000000004" lon="120.11737000000001">
    <ele>403.94</ele>
   </trkpt>
   <trkpt lat="29.993550000000003" lon="120.11689000000001">
    <ele>401.78000000000003</ele>
   </trkpt>
   <trkpt lat="29.993520000000004" lon="120.11668000000002">
    <ele>400.03000000000003</ele>
   </trkpt>
   <trkpt lat="29.993520000000004" lon="120.11667000000001">
    <ele>400.03000000000003</ele>
   </trkpt>
   <trkpt lat="29.993260000000003" lon="120.11647">
    <ele>396.71</ele>
   </trkpt>
   <trkpt lat="29.99294" lon="120.11618000000001">
    <ele>394.69000000000005</ele>
   </trkpt>
   <trkpt lat="29.99246" lon="120.11593">
    <ele>395.69000000000005</ele>
   </trkpt>
   <trkpt lat="29.992110000000004" lon="120.11569000000001">
    <ele>397.75000000000006</ele>
   </trkpt>
   <trkpt lat="29.991640000000004" lon="120.11541000000001">
    <ele>399.82</ele>
   </trkpt>
   <trkpt lat="29.991380000000003" lon="120.11532000000001">
    <ele>400.44</ele>
   </trkpt>
   <trkpt lat="29.991210000000002" lon="120.11517">
    <ele>400.15</ele>
   </trkpt>
   <trkpt lat="29.99105" lon="120.11514000000001">
    <ele>399.27</ele>
   </trkpt>
   <trkpt lat="29.990890000000004" lon="120.11518000000001">
    <ele>398.07000000000005</ele>
   </trkpt>
   <trkpt lat="29.99077" lon="120.11514000000001">
    <ele>396.64000000000004</ele>
   </trkpt>
   <trkpt lat="29.990740000000002" lon="120.11503">
    <ele>394.97</ele>
   </trkpt>
   <trkpt lat="29.990750000000002" lon="120.11484000000002">
    <ele>393.98</ele>
   </trkpt>
   <trkpt lat="29.99078" lon="120.11473000000001">
    <ele>392.86</ele>
   </trkpt>
   <trkpt lat="29.990750000000002" lon="120.11461000000001">
    <ele>392.26000000000005</ele>
   </trkpt>
   <trkpt lat="29.99067" lon="120.11445">
    <ele>391.75000000000006</ele>
   </trkpt>
   <trkpt lat="29.990620000000003" lon="120.11422">
    <ele>390.27</ele>
   </trkpt>
   <trkpt lat="29.990560000000002" lon="120.11410000000001">
    <ele>389.23</ele>
   </trkpt>
   <trkpt lat="29.990180000000002" lon="120.11373">
    <ele>382.47</ele>
   </trkpt>
   <trkpt lat="29.99003" lon="120.11348000000001">
    <ele>379.3</ele>
   </trkpt>
   <trkpt lat="29.989980000000003" lon="120.11331000000001">
    <ele>379.3</ele>
   </trkpt>
   <trkpt lat="29.989990000000002" lon="120.11313000000001">
    <ele>376.1</ele>
   </trkpt>
   <trkpt lat="29.990130000000004" lon="120.11282000000001">
    <ele>373.86</ele>
   </trkpt>
   <trkpt lat="29.990150000000003" lon="120.11272000000001">
    <ele>372.76000000000005</ele>
   </trkpt>
   <trkpt lat="29.990000000000002" lon="120.11222000000001">
    <ele>369.85</ele>
   </trkpt>
   <trkpt lat="29.989810000000002" lon="120.11206000000001">
    <ele>369.29</ele>
   </trkpt>
   <trkpt lat="29.98954" lon="120.11213000000001">
    <ele>369.8</ele>
   </trkpt>
   <trkpt lat="29.989400000000003" lon="120.11221">
    <ele>370.57</ele>
   </trkpt>
   <trkpt lat="29.989200000000004" lon="120.11214000000001">
    <ele>372.31</ele>
   </trkpt>
   <trkpt lat="29.988810000740038" lon="120.11171999842948">
    <ele>375.41</ele>
   </trkpt>
   <trkpt lat="29.98842" lon="120.11130000000001">
    <ele>376.3</ele>
   </trkpt>
   <trkpt lat="29.988300000000002" lon="120.11121000000001">
    <ele>377.27000000000004</ele>
   </trkpt>
   <trkpt lat="29.987830000000002" lon="120.11166000000001">
    <ele>383.89</ele>
   </trkpt>
   <trkpt lat="29.987330000000004" lon="120.11199">
    <ele>388.37000000000006</ele>
   </trkpt>
   <trkpt lat="29.98691" lon="120.11210000000001">
    <ele>395.75000000000006</ele>
   </trkpt>
   <trkpt lat="29.986490000000003" lon="120.11198000000002">
    <ele>398.71</ele>
   </trkpt>
   <trkpt lat="29.986120000000003" lon="120.11192000000001">
    <ele>400.52000000000004</ele>
   </trkpt>
   <trkpt lat="29.985730000000004" lon="120.11194">
    <ele>402.25000000000006</ele>
   </trkpt>
   <trkpt lat="29.985260000000004" lon="120.11183000000001">
    <ele>405.97</ele>
   </trkpt>
   <trkpt lat="29.985030000000002" lon="120.11185">
    <ele>408.46000000000004</ele>
   </trkpt>
   <trkpt lat="29.984930000000002" lon="120.11210000000001">
    <ele>410.35</ele>
   </trkpt>
   <trkpt lat="29.985090000000003" lon="120.11241000000001">
    <ele>415.17</ele>
   </trkpt>
   <trkpt lat="29.985090000000003" lon="120.11259000000001">
    <ele>417.13000000000005</ele>
   </trkpt>
   <trkpt lat="29.984900000000003" lon="120.11243">
    <ele>420.73</ele>
   </trkpt>
   <trkpt lat="29.98459" lon="120.11227000000001">
    <ele>426.08</ele>
   </trkpt>
   <trkpt lat="29.98438" lon="120.11213000000001">
    <ele>429.11</ele>
   </trkpt>
   <trkpt lat="29.98431" lon="120.11194">
    <ele>431.68</ele>
   </trkpt>
   <trkpt lat="29.984450000000002" lon="120.11162000000002">
    <ele>436.31</ele>
   </trkpt>
   <trkpt lat="29.984440000000003" lon="120.11149">
    <ele>437.97</ele>
   </trkpt>
   <trkpt lat="29.98431" lon="120.11152000000001">
    <ele>438.89000000000004</ele>
   </trkpt>
   <trkpt lat="29.983990000000002" lon="120.11174000000001">
    <ele>442.16</ele>
   </trkpt>
   <trkpt lat="29.98392" lon="120.11196000000001">
    <ele>442.56</ele>
   </trkpt>
   <trkpt lat="29.984130000000004" lon="120.11253">
    <ele>442.75</ele>
   </trkpt>
   <trkpt lat="29.9841" lon="120.11265000000002">
    <ele>442.77000000000004</ele>
   </trkpt>
   <trkpt lat="29.983950000000004" lon="120.11250000000001">
    <ele>444.11000000000007</ele>
   </trkpt>
   <trkpt lat="29.983700000000002" lon="120.11199">
    <ele>450.70000000000005</ele>
   </trkpt>
   <trkpt lat="29.983680000000003" lon="120.11172">
    <ele>454.52000000000004</ele>
   </trkpt>
   <trkpt lat="29.98392" lon="120.11132">
    <ele>457.8</ele>
   </trkpt>
   <trkpt lat="29.984180000000002" lon="120.11096">
    <ele>459.49000000000007</ele>
   </trkpt>
   <trkpt lat="29.984360000000002" lon="120.11095000000002">
    <ele>459.84000000000003</ele>
   </trkpt>
   <trkpt lat="29.984520000000003" lon="120.11112000000001">
    <ele>459.96000000000004</ele>
   </trkpt>
   <trkpt lat="29.984700000000004" lon="120.11126000000002">
    <ele>460.29</ele>
   </trkpt>
   <trkpt lat="29.984880000000004" lon="120.11122">
    <ele>460.44</ele>
   </trkpt>
   <trkpt lat="29.985020000000002" lon="120.11105">
    <ele>460.94</ele>
   </trkpt>
   <trkpt lat="29.98515" lon="120.11048000000001">
    <ele>465.35</ele>
   </trkpt>
   <trkpt lat="29.985270000000003" lon="120.11037">
    <ele>466.23</ele>
   </trkpt>
   <trkpt lat="29.98543" lon="120.11044000000001">
    <ele>467.23</ele>
   </trkpt>
   <trkpt lat="29.985670000000002" lon="120.11061000000001">
    <ele>469.13000000000005</ele>
   </trkpt>
   <trkpt lat="29.985850000000003" lon="120.11082">
    <ele>470.59000000000003</ele>
   </trkpt>
   <trkpt lat="29.98599" lon="120.11084000000001">
    <ele>471.59000000000003</ele>
   </trkpt>
   <trkpt lat="29.986020000000003" lon="120.11074">
    <ele>471.85</ele>
   </trkpt>
   <trkpt lat="29.985450000000004" lon="120.11018000000001">
    <ele>479.2</ele>
   </trkpt>
   <trkpt lat="29.98515" lon="120.11006">
    <ele>481.72</ele>
   </trkpt>
   <trkpt lat="29.985020000000002" lon="120.11017000000001">
    <ele>483.89000000000004</ele>
   </trkpt>
   <trkpt lat="29.984890000000004" lon="120.11047">
    <ele>485.82</ele>
   </trkpt>
   <trkpt lat="29.984790000000004" lon="120.11056">
    <ele>486.54</ele>
   </trkpt>
   <trkpt lat="29.98457" lon="120.11055">
    <ele>487.75</ele>
   </trkpt>
   <trkpt lat="29.984450000000002" lon="120.11041000000002">
    <ele>488.04</ele>
   </trkpt>
   <trkpt lat="29.984220000000004" lon="120.11022000000001">
    <ele>489.11</ele>
   </trkpt>
   <trkpt lat="29.98402" lon="120.11033">
    <ele>489.92</ele>
   </trkpt>
   <trkpt lat="29.983660000000004" lon="120.11043000000001">
    <ele>492.28000000000003</ele>
   </trkpt>
   <trkpt lat="29.983420000000002" lon="120.11046">
    <ele>492.67</ele>
   </trkpt>
   <trkpt lat="29.983280000000004" lon="120.11038">
    <ele>493.37</ele>
   </trkpt>
   <trkpt lat="29.983200000000004" lon="120.11019">
    <ele>494.52</ele>
   </trkpt>
   <trkpt lat="29.983190000000004" lon="120.10994000000001">
    <ele>495.76000000000005</ele>
   </trkpt>
   <trkpt lat="29.98308" lon="120.10979">
    <ele>495.76000000000005</ele>
   </trkpt>
   <trkpt lat="29.982820000815003" lon="120.1093249987794">
    <ele>499.96</ele>
   </trkpt>
   <trkpt lat="29.982560000000003" lon="120.10886">
    <ele>502.78</ele>
   </trkpt>
   <trkpt lat="29.982540000000004" lon="120.10862000000002">
    <ele>503.74000000000007</ele>
   </trkpt>
   <trkpt lat="29.982680000000002" lon="120.10833000000001">
    <ele>504.46000000000004</ele>
   </trkpt>
   <trkpt lat="29.982760000000003" lon="120.10809">
    <ele>504.93</ele>
   </trkpt>
   <trkpt lat="29.98279" lon="120.10769">
    <ele>506.83</ele>
   </trkpt>
   <trkpt lat="29.982910000000004" lon="120.10729">
    <ele>509.58000000000004</ele>
   </trkpt>
   <trkpt lat="29.982860000000002" lon="120.10695000000001">
    <ele>511.4200000000001</ele>
   </trkpt>
   <trkpt lat="29.982590000000002" lon="120.10654000000001">
    <ele>512.83</ele>
   </trkpt>
   <trkpt lat="29.982670000000002" lon="120.10638000000002">
    <ele>513.4300000000001</ele>
   </trkpt>
   <trkpt lat="29.98289" lon="120.10624000000001">
    <ele>514.3000000000001</ele>
   </trkpt>
   <trkpt lat="29.98297" lon="120.10600000000001">
    <ele>515.11</ele>
   </trkpt>
   <trkpt lat="29.98307" lon="120.10559">
    <ele>517.45</ele>
   </trkpt>
   <trkpt lat="29.982960000000002" lon="120.10535000000002">
    <ele>518.17</ele>
   </trkpt>
   <trkpt lat="29.982950000000002" lon="120.10502000000001">
    <ele>519.05</ele>
   </trkpt>
   <trkpt lat="29.982850000000003" lon="120.10459000000002">
    <ele>519.87</ele>
   </trkpt>
   <trkpt lat="29.982750000000003" lon="120.10385000000001">
    <ele>520.3000000000001</ele>
   </trkpt>
   <trkpt lat="29.98269" lon="120.10359000000001">
    <ele>520.3100000000001</ele>
   </trkpt>
   <trkpt lat="29.982540000000004" lon="120.10352">
    <ele>520.35</ele>
   </trkpt>
   <trkpt lat="29.982370000000003" lon="120.10361">
    <ele>520.94</ele>
   </trkpt>
   <trkpt lat="29.98222" lon="120.10379">
    <ele>521.69</ele>
   </trkpt>
   <trkpt lat="29.982180000000003" lon="120.10408000000001">
    <ele>522.0799999999999</ele>
   </trkpt>
   <trkpt lat="29.982090000000003" lon="120.10426000000001">
    <ele>521.42</ele>
   </trkpt>
   <trkpt lat="29.981880000000004" lon="120.10445000000001">
    <ele>520.44</ele>
   </trkpt>
   <trkpt lat="29.98166" lon="120.10451">
    <ele>519.6800000000001</ele>
   </trkpt>
   <trkpt lat="29.98148" lon="120.10453000000001">
    <ele>519.6800000000001</ele>
   </trkpt>
   <trkpt lat="29.981310000000004" lon="120.10433">
    <ele>518.5600000000001</ele>
   </trkpt>
   <trkpt lat="29.9811" lon="120.10431000000001">
    <ele>517.61</ele>
   </trkpt>
   <trkpt lat="29.98092" lon="120.10452000000001">
    <ele>516.96</ele>
   </trkpt>
   <trkpt lat="29.980660000000004" lon="120.10467000000001">
    <ele>515.14</ele>
   </trkpt>
   <trkpt lat="29.98054" lon="120.10484000000001">
    <ele>514.42</ele>
   </trkpt>
   <trkpt lat="29.980600000000003" lon="120.10514">
    <ele>513.7900000000001</ele>
   </trkpt>
   <trkpt lat="29.980610000000002" lon="120.10535000000002">
    <ele>512.81</ele>
   </trkpt>
   <trkpt lat="29.98044" lon="120.10541">
    <ele>512.17</ele>
   </trkpt>
   <trkpt lat="29.980120000000003" lon="120.10538000000001">
    <ele>509.57000000000005</ele>
   </trkpt>
   <trkpt lat="29.97989" lon="120.10578000000001">
    <ele>507.17</ele>
   </trkpt>
   <trkpt lat="29.979640000000003" lon="120.10589000000002">
    <ele>504.58000000000004</ele>
   </trkpt>
   <trkpt lat="29.97941" lon="120.10603">
    <ele>503.53000000000003</ele>
   </trkpt>
   <trkpt lat="29.979390000000002" lon="120.10634">
    <ele>501.48</ele>
   </trkpt>
   <trkpt lat="29.979270000000003" lon="120.10648">
    <ele>500.1500000000001</ele>
   </trkpt>
   <trkpt lat="29.979070000000004" lon="120.10656000000002">
    <ele>498.94000000000005</ele>
   </trkpt>
   <trkpt lat="29.97895" lon="120.10684">
    <ele>498.50000000000006</ele>
   </trkpt>
   <trkpt lat="29.978920000000002" lon="120.10721000000001">
    <ele>497.1700000000001</ele>
   </trkpt>
   <trkpt lat="29.978880000000004" lon="120.10738">
    <ele>496.7300000000001</ele>
   </trkpt>
   <trkpt lat="29.978690000000004" lon="120.10762000000001">
    <ele>494.67</ele>
   </trkpt>
   <trkpt lat="29.978350000000002" lon="120.10775000000001">
    <ele>493.6</ele>
   </trkpt>
   <trkpt lat="29.978150000000003" lon="120.10788000000001">
    <ele>492.72</ele>
   </trkpt>
   <trkpt lat="29.97792" lon="120.10778">
    <ele>491.49</ele>
   </trkpt>
   <trkpt lat="29.977660000000004" lon="120.10772000000001">
    <ele>490.2900000000001</ele>
   </trkpt>
   <trkpt lat="29.977520000000002" lon="120.10772000000001">
    <ele>489.40000000000003</ele>
   </trkpt>
   <trkpt lat="29.977300000000003" lon="120.10747">
    <ele>486.57000000000005</ele>
   </trkpt>
   <trkpt lat="29.976960000000002" lon="120.10702">
    <ele>483.66</ele>
   </trkpt>
   <trkpt lat="29.976910000000004" lon="120.10672000000001">
    <ele>482.30000000000007</ele>
   </trkpt>
   <trkpt lat="29.976850000000002" lon="120.10616000000002">
    <ele>481.11</ele>
   </trkpt>
   <trkpt lat="29.976710000000004" lon="120.10591000000001">
    <ele>480.52000000000004</ele>
   </trkpt>
   <trkpt lat="29.976470000000003" lon="120.10526000000002">
    <ele>479.77000000000004</ele>
   </trkpt>
   <trkpt lat="29.976360000000003" lon="120.10524000000001">
    <ele>479.04</ele>
   </trkpt>
   <trkpt lat="29.97614" lon="120.10529000000001">
    <ele>476.12000000000006</ele>
   </trkpt>
   <trkpt lat="29.975900000000003" lon="120.10545">
    <ele>474.27000000000004</ele>
   </trkpt>
   <trkpt lat="29.97575" lon="120.10574000000001">
    <ele>472.79</ele>
   </trkpt>
   <trkpt lat="29.975680000000004" lon="120.10616000000002">
    <ele>470.59000000000003</ele>
   </trkpt>
   <trkpt lat="29.975440000000003" lon="120.10656000000002">
    <ele>469.59000000000003</ele>
   </trkpt>
   <trkpt lat="29.975260000000002" lon="120.10681000000001">
    <ele>468.4200000000001</ele>
   </trkpt>
   <trkpt lat="29.97511" lon="120.10685000000001">
    <ele>467.67</ele>
   </trkpt>
   <trkpt lat="29.975040000000003" lon="120.1067">
    <ele>466.96000000000004</ele>
   </trkpt>
   <trkpt lat="29.97509" lon="120.10637000000001">
    <ele>464.3</ele>
   </trkpt>
   <trkpt lat="29.975270000000002" lon="120.10621">
    <ele>462.20000000000005</ele>
   </trkpt>
   <trkpt lat="29.975350000000002" lon="120.10609000000001">
    <ele>461.57000000000005</ele>
   </trkpt>
   <trkpt lat="29.975350000000002" lon="120.10579000000001">
    <ele>459.34000000000003</ele>
   </trkpt>
   <trkpt lat="29.975210000000004" lon="120.10541">
    <ele>457.58000000000004</ele>
   </trkpt>
   <trkpt lat="29.975140000000003" lon="120.10510000000001">
    <ele>455.97</ele>
   </trkpt>
   <trkpt lat="29.975030000000004" lon="120.10493000000001">
    <ele>455.49000000000007</ele>
   </trkpt>
   <trkpt lat="29.974860000000003" lon="120.10496">
    <ele>453.82000000000005</ele>
   </trkpt>
   <trkpt lat="29.974670000000003" lon="120.10486000000002">
    <ele>453.28000000000003</ele>
   </trkpt>
   <trkpt lat="29.97464" lon="120.10462000000001">
    <ele>451.52000000000004</ele>
   </trkpt>
   <trkpt lat="29.974650000000004" lon="120.10419000000002">
    <ele>450.66</ele>
   </trkpt>
   <trkpt lat="29.97482" lon="120.10398">
    <ele>449.11</ele>
   </trkpt>
   <trkpt lat="29.974800000000002" lon="120.10379">
    <ele>448.49000000000007</ele>
   </trkpt>
   <trkpt lat="29.97492" lon="120.10341000000001">
    <ele>446.37000000000006</ele>
   </trkpt>
   <trkpt lat="29.974770000000003" lon="120.10313000000001">
    <ele>444.47</ele>
   </trkpt>
   <trkpt lat="29.97471" lon="120.10279000000001">
    <ele>441.90000000000003</ele>
   </trkpt>
   <trkpt lat="29.974760000000003" lon="120.10244000000002">
    <ele>440.16</ele>
   </trkpt>
   <trkpt lat="29.97509" lon="120.10218">
    <ele>436.95000000000005</ele>
   </trkpt>
   <trkpt lat="29.975220000000004" lon="120.10195000000002">
    <ele>435.85</ele>
   </trkpt>
   <trkpt lat="29.975060000000003" lon="120.10167000000001">
    <ele>434.61000000000007</ele>
   </trkpt>
   <trkpt lat="29.9749" lon="120.10158000000001">
    <ele>434.16</ele>
   </trkpt>
   <trkpt lat="29.97472" lon="120.10155">
    <ele>434.05</ele>
   </trkpt>
   <trkpt lat="29.974580000000003" lon="120.10141000000002">
    <ele>433.84000000000003</ele>
   </trkpt>
   <trkpt lat="29.97455" lon="120.10119000000002">
    <ele>433.45000000000005</ele>
   </trkpt>
   <trkpt lat="29.97463" lon="120.10103000000001">
    <ele>433.35</ele>
   </trkpt>
   <trkpt lat="29.97463" lon="120.10083000000002">
    <ele>433.3</ele>
   </trkpt>
   <trkpt lat="29.974790000000002" lon="120.10069000000001">
    <ele>433.40000000000003</ele>
   </trkpt>
   <trkpt lat="29.97492" lon="120.10065000000002">
    <ele>433.59000000000003</ele>
   </trkpt>
   <trkpt lat="29.97491" lon="120.10055000000001">
    <ele>433.59000000000003</ele>
   </trkpt>
   <trkpt lat="29.974700000000002" lon="120.10021">
    <ele>433.12000000000006</ele>
   </trkpt>
   <trkpt lat="29.97462" lon="120.10011000000002">
    <ele>433.08</ele>
   </trkpt>
   <trkpt lat="29.974590000000003" lon="120.10010000000001">
    <ele>433.08</ele>
   </trkpt>
   <trkpt lat="29.974110000000003" lon="120.10020000000002">
    <ele>433.12000000000006</ele>
   </trkpt>
   <trkpt lat="29.973940000000002" lon="120.10020000000002">
    <ele>433.28000000000003</ele>
   </trkpt>
   <trkpt lat="29.97388" lon="120.10017">
    <ele>433.28000000000003</ele>
   </trkpt>
   <trkpt lat="29.973830000000003" lon="120.10012">
    <ele>433.25</ele>
   </trkpt>
   <trkpt lat="29.97379" lon="120.10004">
    <ele>433.19</ele>
   </trkpt>
   <trkpt lat="29.973710000000004" lon="120.09996000000001">
    <ele>432.78000000000003</ele>
   </trkpt>
   <trkpt lat="29.973570000000002" lon="120.09997000000001">
    <ele>432.50000000000006</ele>
   </trkpt>
   <trkpt lat="29.973100000000002" lon="120.10008">
    <ele>430.53000000000003</ele>
   </trkpt>
   <trkpt lat="29.973070000000003" lon="120.10015000000001">
    <ele>430.16</ele>
   </trkpt>
   <trkpt lat="29.973070000000003" lon="120.10020000000002">
    <ele>430.02</ele>
   </trkpt>
   <trkpt lat="29.97321" lon="120.10097">
    <ele>429.14</ele>
   </trkpt>
   <trkpt lat="29.973190000000002" lon="120.10110000000002">
    <ele>429.34000000000003</ele>
   </trkpt>
   <trkpt lat="29.973090000000003" lon="120.10125000000001">
    <ele>429.76000000000005</ele>
   </trkpt>
   <trkpt lat="29.973190000000002" lon="120.10169">
    <ele>430.28000000000003</ele>
   </trkpt>
   <trkpt lat="29.97314" lon="120.10187">
    <ele>430.62000000000006</ele>
   </trkpt>
   <trkpt lat="29.973060000000004" lon="120.10203000000001">
    <ele>431.24</ele>
   </trkpt>
   <trkpt lat="29.973010000000002" lon="120.10207000000001">
    <ele>431.53000000000003</ele>
   </trkpt>
   <trkpt lat="29.972970000000004" lon="120.10207000000001">
    <ele>431.53000000000003</ele>
   </trkpt>
   <trkpt lat="29.972300000000004" lon="120.10184000000001">
    <ele>431.03000000000003</ele>
   </trkpt>
   <trkpt lat="29.972210000000004" lon="120.10192">
    <ele>430.87</ele>
   </trkpt>
   <trkpt lat="29.97218" lon="120.10197000000001">
    <ele>430.87</ele>
   </trkpt>
   <trkpt lat="29.9722" lon="120.10215000000001">
    <ele>430.70000000000005</ele>
   </trkpt>
   <trkpt lat="29.972130000000003" lon="120.10229000000001">
    <ele>430.66</ele>
   </trkpt>
   <trkpt lat="29.971950000000003" lon="120.10253000000002">
    <ele>430.89000000000004</ele>
   </trkpt>
   <trkpt lat="29.971940000000004" lon="120.10270000000001">
    <ele>431.26000000000005</ele>
   </trkpt>
   <trkpt lat="29.9721" lon="120.10289000000002">
    <ele>431.85</ele>
   </trkpt>
   <trkpt lat="29.97239" lon="120.10302000000001">
    <ele>433.41</ele>
   </trkpt>
   <trkpt lat="29.972450000000002" lon="120.10320000000002">
    <ele>434.34000000000003</ele>
   </trkpt>
   <trkpt lat="29.97201" lon="120.10359000000001">
    <ele>435.46</ele>
   </trkpt>
   <trkpt lat="29.971950000000003" lon="120.10377000000001">
    <ele>435.57</ele>
   </trkpt>
   <trkpt lat="29.972130000000003" lon="120.10403000000001">
    <ele>435.47</ele>
   </trkpt>
   <trkpt lat="29.97209" lon="120.10425000000001">
    <ele>435.03000000000003</ele>
   </trkpt>
   <trkpt lat="29.972220000000004" lon="120.10451">
    <ele>434.66</ele>
   </trkpt>
   <trkpt lat="29.9721" lon="120.10467000000001">
    <ele>434.27000000000004</ele>
   </trkpt>
   <trkpt lat="29.971760000000003" lon="120.10481000000001">
    <ele>432.09000000000003</ele>
   </trkpt>
   <trkpt lat="29.971600000000002" lon="120.10481000000001">
    <ele>431.6</ele>
   </trkpt>
   <trkpt lat="29.971330000000002" lon="120.10476000000001">
    <ele>430.1</ele>
   </trkpt>
   <trkpt lat="29.971190000000004" lon="120.10478">
    <ele>429.35</ele>
   </trkpt>
   <trkpt lat="29.97107" lon="120.10492">
    <ele>428.78000000000003</ele>
   </trkpt>
   <trkpt lat="29.970920000000003" lon="120.10522">
    <ele>427.47</ele>
   </trkpt>
   <trkpt lat="29.970820000000003" lon="120.10524000000001">
    <ele>426.97</ele>
   </trkpt>
   <trkpt lat="29.970730000000003" lon="120.10522">
    <ele>426.38000000000005</ele>
   </trkpt>
   <trkpt lat="29.97042" lon="120.10494000000001">
    <ele>424.51000000000005</ele>
   </trkpt>
   <trkpt lat="29.970390000000002" lon="120.10486000000002">
    <ele>424.51000000000005</ele>
   </trkpt>
   <trkpt lat="29.97041" lon="120.1046">
    <ele>423.83000000000004</ele>
   </trkpt>
   <trkpt lat="29.970360000000003" lon="120.10435000000001">
    <ele>423.18000000000006</ele>
   </trkpt>
   <trkpt lat="29.97031" lon="120.10426000000001">
    <ele>423.18000000000006</ele>
   </trkpt>
   <trkpt lat="29.970190000000002" lon="120.10411">
    <ele>422.68000000000006</ele>
   </trkpt>
   <trkpt lat="29.970060000000004" lon="120.10388">
    <ele>421.83000000000004</ele>
   </trkpt>
   <trkpt lat="29.969960000000004" lon="120.10374000000002">
    <ele>420.96000000000004</ele>
   </trkpt>
   <trkpt lat="29.969880000000003" lon="120.1037">
    <ele>420.96000000000004</ele>
   </trkpt>
   <trkpt lat="29.969800000000003" lon="120.10369000000001">
    <ele>419.37</ele>
   </trkpt>
   <trkpt lat="29.969520000000003" lon="120.10377000000001">
    <ele>418.6</ele>
   </trkpt>
   <trkpt lat="29.969340000000003" lon="120.10378000000001">
    <ele>418.02000000000004</ele>
   </trkpt>
   <trkpt lat="29.969250000000002" lon="120.10375">
    <ele>417.96000000000004</ele>
   </trkpt>
   <trkpt lat="29.96909" lon="120.10366">
    <ele>418.01000000000005</ele>
   </trkpt>
   <trkpt lat="29.968980000000002" lon="120.10363000000001">
    <ele>418.32</ele>
   </trkpt>
   <trkpt lat="29.968690000000002" lon="120.10363000000001">
    <ele>419.6</ele>
   </trkpt>
   <trkpt lat="29.968570000000003" lon="120.10365000000002">
    <ele>420.16</ele>
   </trkpt>
   <trkpt lat="29.968420000000002" lon="120.1037">
    <ele>421.63000000000005</ele>
   </trkpt>
   <trkpt lat="29.968310000000002" lon="120.10369000000001">
    <ele>422.13000000000005</ele>
   </trkpt>
   <trkpt lat="29.968180000000004" lon="120.10363000000001">
    <ele>423.04</ele>
   </trkpt>
   <trkpt lat="29.968120000000003" lon="120.10345000000001">
    <ele>423.04</ele>
   </trkpt>
   <trkpt lat="29.968130000000002" lon="120.10311000000002">
    <ele>424.48</ele>
   </trkpt>
   <trkpt lat="29.96807" lon="120.10282000000001">
    <ele>425.97</ele>
   </trkpt>
   <trkpt lat="29.96768" lon="120.10267">
    <ele>428.36</ele>
   </trkpt>
   <trkpt lat="29.967550000000003" lon="120.10253000000002">
    <ele>428.36</ele>
   </trkpt>
   <trkpt lat="29.9673" lon="120.10201">
    <ele>433.19</ele>
   </trkpt>
   <trkpt lat="29.96723" lon="120.10195000000002">
    <ele>433.26000000000005</ele>
   </trkpt>
   <trkpt lat="29.96712" lon="120.10193000000001">
    <ele>433.38000000000005</ele>
   </trkpt>
   <trkpt lat="29.96704" lon="120.10195000000002">
    <ele>433.48</ele>
   </trkpt>
   <trkpt lat="29.96685" lon="120.10210000000001">
    <ele>434.08</ele>
   </trkpt>
   <trkpt lat="29.966700000000003" lon="120.10219000000001">
    <ele>435.25</ele>
   </trkpt>
   <trkpt lat="29.966480000000004" lon="120.10239000000001">
    <ele>437.96</ele>
   </trkpt>
   <trkpt lat="29.966350000000002" lon="120.10246000000001">
    <ele>439.72</ele>
   </trkpt>
   <trkpt lat="29.966240000000003" lon="120.10248000000001">
    <ele>440.46000000000004</ele>
   </trkpt>
   <trkpt lat="29.966150000000003" lon="120.10245">
    <ele>441.07</ele>
   </trkpt>
   <trkpt lat="29.966060000000002" lon="120.10237000000001">
    <ele>441.79</ele>
   </trkpt>
   <trkpt lat="29.96571" lon="120.10198000000001">
    <ele>443.34</ele>
   </trkpt>
   <trkpt lat="29.965320000000002" lon="120.10176000000001">
    <ele>444.21000000000004</ele>
   </trkpt>
   <trkpt lat="29.964820000000003" lon="120.10176000000001">
    <ele>444.43000000000006</ele>
   </trkpt>
   <trkpt lat="29.964420000000004" lon="120.1016">
    <ele>444.25</ele>
   </trkpt>
   <trkpt lat="29.96432" lon="120.10148000000001">
    <ele>443.81</ele>
   </trkpt>
   <trkpt lat="29.964230000000004" lon="120.10118000000001">
    <ele>443.37</ele>
   </trkpt>
   <trkpt lat="29.96403" lon="120.10095000000001">
    <ele>443.13</ele>
   </trkpt>
   <trkpt lat="29.963980000000003" lon="120.10084">
    <ele>443.1</ele>
   </trkpt>
   <trkpt lat="29.963960000000004" lon="120.10038000000002">
    <ele>442.95</ele>
   </trkpt>
   <trkpt lat="29.963900000000002" lon="120.10024000000001">
    <ele>442.70000000000005</ele>
   </trkpt>
   <trkpt lat="29.96384" lon="120.10017">
    <ele>442.65000000000003</ele>
   </trkpt>
   <trkpt lat="29.96328" lon="120.09991000000001">
    <ele>443.86</ele>
   </trkpt>
   <trkpt lat="29.9629" lon="120.09979000000001">
    <ele>444.26000000000005</ele>
   </trkpt>
   <trkpt lat="29.962670000000003" lon="120.09969000000001">
    <ele>444.34000000000003</ele>
   </trkpt>
   <trkpt lat="29.962290000000003" lon="120.09935000000002">
    <ele>445.40000000000003</ele>
   </trkpt>
   <trkpt lat="29.96225" lon="120.09933000000001">
    <ele>445.92</ele>
   </trkpt>
   <trkpt lat="29.962190000000003" lon="120.09932">
    <ele>446.24</ele>
   </trkpt>
   <trkpt lat="29.962040000000002" lon="120.09938000000001">
    <ele>447.88000000000005</ele>
   </trkpt>
   <trkpt lat="29.961940000000002" lon="120.0994">
    <ele>448.92</ele>
   </trkpt>
   <trkpt lat="29.961570000000002" lon="120.09924000000001">
    <ele>455.15000000000003</ele>
   </trkpt>
   <trkpt lat="29.961330000000004" lon="120.09927">
    <ele>456.35</ele>
   </trkpt>
   <trkpt lat="29.961270000000003" lon="120.09926000000002">
    <ele>458.24</ele>
   </trkpt>
   <trkpt lat="29.961160000000003" lon="120.09918">
    <ele>459.41</ele>
   </trkpt>
   <trkpt lat="29.96102" lon="120.09902000000001">
    <ele>461.41</ele>
   </trkpt>
   <trkpt lat="29.960810000000002" lon="120.09884000000001">
    <ele>464.38</ele>
   </trkpt>
   <trkpt lat="29.960720000000002" lon="120.09882">
    <ele>465.11</ele>
   </trkpt>
   <trkpt lat="29.960510000000003" lon="120.09882">
    <ele>466.40000000000003</ele>
   </trkpt>
   <trkpt lat="29.960120000000003" lon="120.09862000000001">
    <ele>468.38</ele>
   </trkpt>
   <trkpt lat="29.959870000000002" lon="120.09853000000001">
    <ele>469.56</ele>
   </trkpt>
   <trkpt lat="29.95981" lon="120.09849000000001">
    <ele>469.65</ele>
   </trkpt>
   <trkpt lat="29.959760000000003" lon="120.09842">
    <ele>469.70000000000005</ele>
   </trkpt>
   <trkpt lat="29.95971" lon="120.09830000000001">
    <ele>469.53000000000003</ele>
   </trkpt>
   <trkpt lat="29.959500000000002" lon="120.09793">
    <ele>468.27</ele>
   </trkpt>
   <trkpt lat="29.959190000000003" lon="120.09753">
    <ele>467.78000000000003</ele>
   </trkpt>
   <trkpt lat="29.959070000000004" lon="120.09744">
    <ele>467.9800000000001</ele>
   </trkpt>
   <trkpt lat="29.958920000000003" lon="120.09740000000001">
    <ele>468.35</ele>
   </trkpt>
   <trkpt lat="29.95878" lon="120.09740000000001">
    <ele>469.06</ele>
   </trkpt>
   <trkpt lat="29.958250000000003" lon="120.09720000000002">
    <ele>472.51000000000005</ele>
   </trkpt>
   <trkpt lat="29.958060000000003" lon="120.09715000000001">
    <ele>473.90000000000003</ele>
   </trkpt>
   <trkpt lat="29.957780000000003" lon="120.09699">
    <ele>475.68000000000006</ele>
   </trkpt>
   <trkpt lat="29.957700000000003" lon="120.0969">
    <ele>475.68000000000006</ele>
   </trkpt>
   <trkpt lat="29.957590000000003" lon="120.09672">
    <ele>476.31000000000006</ele>
   </trkpt>
   <trkpt lat="29.957310000000003" lon="120.09635000000002">
    <ele>477.38</ele>
   </trkpt>
   <trkpt lat="29.957250000000002" lon="120.09631000000002">
    <ele>477.38</ele>
   </trkpt>
   <trkpt lat="29.957140000000003" lon="120.09630000000001">
    <ele>478.57000000000005</ele>
   </trkpt>
   <trkpt lat="29.95671" lon="120.09636">
    <ele>479.27000000000004</ele>
   </trkpt>
   <trkpt lat="29.956380000000003" lon="120.09636">
    <ele>478.37</ele>
   </trkpt>
   <trkpt lat="29.956180000000003" lon="120.09612000000001">
    <ele>476.48</ele>
   </trkpt>
   <trkpt lat="29.955980000000004" lon="120.09608000000001">
    <ele>474.85</ele>
   </trkpt>
   <trkpt lat="29.95578" lon="120.09617000000001">
    <ele>474.06</ele>
   </trkpt>
   <trkpt lat="29.955560000000002" lon="120.09615000000001">
    <ele>473.93</ele>
   </trkpt>
   <trkpt lat="29.9554" lon="120.09621000000001">
    <ele>474.1</ele>
   </trkpt>
   <trkpt lat="29.95493" lon="120.09624000000001">
    <ele>473.36000000000007</ele>
   </trkpt>
   <trkpt lat="29.954710000000002" lon="120.09616000000001">
    <ele>472.11</ele>
   </trkpt>
   <trkpt lat="29.954600000000003" lon="120.09599000000001">
    <ele>470.91</ele>
   </trkpt>
   <trkpt lat="29.954420000000002" lon="120.09553000000001">
    <ele>469.49</ele>
   </trkpt>
   <trkpt lat="29.954330000000002" lon="120.09544000000001">
    <ele>469.07000000000005</ele>
   </trkpt>
   <trkpt lat="29.954230000000003" lon="120.09547">
    <ele>468.4800000000001</ele>
   </trkpt>
   <trkpt lat="29.954150000000002" lon="120.09554000000001">
    <ele>467.81000000000006</ele>
   </trkpt>
   <trkpt lat="29.954060000000002" lon="120.09557000000001">
    <ele>466.41</ele>
   </trkpt>
   <trkpt lat="29.95399" lon="120.09554000000001">
    <ele>466.09000000000003</ele>
   </trkpt>
   <trkpt lat="29.953860000000002" lon="120.09543000000001">
    <ele>465.39000000000004</ele>
   </trkpt>
   <trkpt lat="29.953730000000004" lon="120.09542">
    <ele>465.22</ele>
   </trkpt>
   <trkpt lat="29.953570000000003" lon="120.09546">
    <ele>465.76000000000005</ele>
   </trkpt>
   <trkpt lat="29.953490000000002" lon="120.09545000000001">
    <ele>465.99</ele>
   </trkpt>
   <trkpt lat="29.95342" lon="120.09542">
    <ele>467.02000000000004</ele>
   </trkpt>
   <trkpt lat="29.953360000000004" lon="120.09534000000001">
    <ele>467.02000000000004</ele>
   </trkpt>
   <trkpt lat="29.953290000000003" lon="120.09528000000002">
    <ele>467.5</ele>
   </trkpt>
   <trkpt lat="29.95323" lon="120.09525000000001">
    <ele>467.5</ele>
   </trkpt>
   <trkpt lat="29.95315" lon="120.09524">
    <ele>467.5</ele>
   </trkpt>
   <trkpt lat="29.953010000000003" lon="120.09527000000001">
    <ele>470.4200000000001</ele>
   </trkpt>
   <trkpt lat="29.95287" lon="120.09538">
    <ele>470.4200000000001</ele>
   </trkpt>
   <trkpt lat="29.952460000000002" lon="120.0956">
    <ele>472.68</ele>
   </trkpt>
   <trkpt lat="29.9524" lon="120.09567000000001">
    <ele>472.68</ele>
   </trkpt>
   <trkpt lat="29.952230000000004" lon="120.09543000000001">
    <ele>473.04</ele>
   </trkpt>
   <trkpt lat="29.952090000000002" lon="120.09538">
    <ele>473.04</ele>
   </trkpt>
   <trkpt lat="29.952030000000004" lon="120.09539000000001">
    <ele>473.13000000000005</ele>
   </trkpt>
   <trkpt lat="29.951670000000004" lon="120.09567000000001">
    <ele>474.68000000000006</ele>
   </trkpt>
   <trkpt lat="29.95135" lon="120.09586000000002">
    <ele>476.81</ele>
   </trkpt>
   <trkpt lat="29.951300000000003" lon="120.09586000000002">
    <ele>477.95000000000005</ele>
   </trkpt>
   <trkpt lat="29.951290000000004" lon="120.09574">
    <ele>478.25000000000006</ele>
   </trkpt>
   <trkpt lat="29.951430000000002" lon="120.09535000000001">
    <ele>481.1</ele>
   </trkpt>
   <trkpt lat="29.95145" lon="120.09515">
    <ele>482.13000000000005</ele>
   </trkpt>
   <trkpt lat="29.951410000000003" lon="120.09501000000002">
    <ele>483.01000000000005</ele>
   </trkpt>
   <trkpt lat="29.95135" lon="120.09497">
    <ele>483.01000000000005</ele>
   </trkpt>
   <trkpt lat="29.951280000000004" lon="120.09495000000001">
    <ele>483.42</ele>
   </trkpt>
   <trkpt lat="29.951120000000003" lon="120.09494000000001">
    <ele>483.90000000000003</ele>
   </trkpt>
   <trkpt lat="29.950840000000003" lon="120.09484">
    <ele>485.49</ele>
   </trkpt>
   <trkpt lat="29.950670000000002" lon="120.09484">
    <ele>487.05</ele>
   </trkpt>
   <trkpt lat="29.950190000000003" lon="120.09508000000001">
    <ele>489.32000000000005</ele>
   </trkpt>
   <trkpt lat="29.950080000000003" lon="120.09510000000002">
    <ele>489.96000000000004</ele>
   </trkpt>
   <trkpt lat="29.950020000000002" lon="120.09506">
    <ele>490.32000000000005</ele>
   </trkpt>
   <trkpt lat="29.949880000000004" lon="120.09465000000002">
    <ele>494.12000000000006</ele>
   </trkpt>
   <trkpt lat="29.949810000000003" lon="120.09449000000001">
    <ele>495.47</ele>
   </trkpt>
   <trkpt lat="29.949740000000002" lon="120.09445000000001">
    <ele>496.02</ele>
   </trkpt>
   <trkpt lat="29.949590000000004" lon="120.09444">
    <ele>496.70000000000005</ele>
   </trkpt>
   <trkpt lat="29.949420000000003" lon="120.09447000000002">
    <ele>497.38000000000005</ele>
   </trkpt>
   <trkpt lat="29.949240000000003" lon="120.09448">
    <ele>497.91</ele>
   </trkpt>
   <trkpt lat="29.949130000000004" lon="120.09446000000001">
    <ele>498.25</ele>
   </trkpt>
   <trkpt lat="29.949070000000003" lon="120.09440000000001">
    <ele>498.6700000000001</ele>
   </trkpt>
   <trkpt lat="29.94902" lon="120.09431000000001">
    <ele>498.6700000000001</ele>
   </trkpt>
   <trkpt lat="29.948990000000002" lon="120.09419000000001">
    <ele>499.90000000000003</ele>
   </trkpt>
   <trkpt lat="29.949080000000002" lon="120.09383000000001">
    <ele>501.13000000000005</ele>
   </trkpt>
   <trkpt lat="29.949050000000003" lon="120.09377">
    <ele>501.13000000000005</ele>
   </trkpt>
   <trkpt lat="29.948760000000004" lon="120.09353000000002">
    <ele>502.07</ele>
   </trkpt>
   <trkpt lat="29.948710000000002" lon="120.09352000000001">
    <ele>502.43</ele>
   </trkpt>
   <trkpt lat="29.948480000000004" lon="120.09366000000001">
    <ele>503.5900000000001</ele>
   </trkpt>
   <trkpt lat="29.948230000000002" lon="120.09368">
    <ele>505.45000000000005</ele>
   </trkpt>
   <trkpt lat="29.94789" lon="120.09376">
    <ele>508.34000000000003</ele>
   </trkpt>
   <trkpt lat="29.947820000000004" lon="120.09375000000001">
    <ele>511.68</ele>
   </trkpt>
   <trkpt lat="29.947480000000002" lon="120.09361000000001">
    <ele>514.3199999999999</ele>
   </trkpt>
   <trkpt lat="29.947430000000004" lon="120.09357000000001">
    <ele>515.2800000000001</ele>
   </trkpt>
   <trkpt lat="29.947400000000002" lon="120.09351000000001">
    <ele>516.6700000000001</ele>
   </trkpt>
   <trkpt lat="29.947400000000002" lon="120.09336">
    <ele>517.6500000000001</ele>
   </trkpt>
   <trkpt lat="29.94752" lon="120.09299000000001">
    <ele>521.93</ele>
   </trkpt>
   <trkpt lat="29.947660000000003" lon="120.09279000000001">
    <ele>523.9</ele>
   </trkpt>
   <trkpt lat="29.947640000000003" lon="120.09270000000001">
    <ele>524.61</ele>
   </trkpt>
   <trkpt lat="29.9476" lon="120.09270000000001">
    <ele>524.61</ele>
   </trkpt>
   <trkpt lat="29.947560000000003" lon="120.09273">
    <ele>525.5300000000001</ele>
   </trkpt>
   <trkpt lat="29.94723" lon="120.09326000000001">
    <ele>530.93</ele>
   </trkpt>
   <trkpt lat="29.946970000000004" lon="120.09352000000001">
    <ele>535.1100000000001</ele>
   </trkpt>
   <trkpt lat="29.946930000000002" lon="120.09360000000001">
    <ele>535.81</ele>
   </trkpt>
   <trkpt lat="29.946930000000002" lon="120.09361000000001">
    <ele>535.81</ele>
   </trkpt>
   <trkpt lat="29.94696" lon="120.09374000000001">
    <ele>537.27</ele>
   </trkpt>
   <trkpt lat="29.947190000000003" lon="120.09393000000001">
    <ele>538.79</ele>
   </trkpt>
   <trkpt lat="29.947490000000002" lon="120.09403">
    <ele>541.62</ele>
   </trkpt>
   <trkpt lat="29.947740000000003" lon="120.09431000000001">
    <ele>545.39</ele>
   </trkpt>
   <trkpt lat="29.947810000000004" lon="120.09431000000001">
    <ele>545.71</ele>
   </trkpt>
   <trkpt lat="29.94799" lon="120.09423000000001">
    <ele>546.9000000000001</ele>
   </trkpt>
   <trkpt lat="29.948290000000004" lon="120.09423000000001">
    <ele>549.7700000000001</ele>
   </trkpt>
   <trkpt lat="29.94835" lon="120.09424000000001">
    <ele>550.2600000000001</ele>
   </trkpt>
   <trkpt lat="29.948400000000003" lon="120.09428000000001">
    <ele>551.35</ele>
   </trkpt>
   <trkpt lat="29.94844" lon="120.09440000000001">
    <ele>553.8000000000001</ele>
   </trkpt>
   <trkpt lat="29.948370000000004" lon="120.0947">
    <ele>556.01</ele>
   </trkpt>
   <trkpt lat="29.948370000000004" lon="120.09478000000001">
    <ele>556.96</ele>
   </trkpt>
   <trkpt lat="29.948490000000003" lon="120.09510000000002">
    <ele>559.98</ele>
   </trkpt>
   <trkpt lat="29.948660000000004" lon="120.09532000000002">
    <ele>562.34</ele>
   </trkpt>
   <trkpt lat="29.948770000000003" lon="120.09536000000001">
    <ele>562.34</ele>
   </trkpt>
   <trkpt lat="29.949040000000004" lon="120.09538">
    <ele>565.3900000000001</ele>
   </trkpt>
   <trkpt lat="29.949120000000004" lon="120.09542">
    <ele>566.45</ele>
   </trkpt>
   <trkpt lat="29.949170000000002" lon="120.09550000000002">
    <ele>567.0500000000001</ele>
   </trkpt>
   <trkpt lat="29.94919" lon="120.09571000000001">
    <ele>571.79</ele>
   </trkpt>
   <trkpt lat="29.949260000000002" lon="120.09590000000001">
    <ele>573.0500000000001</ele>
   </trkpt>
   <trkpt lat="29.949240000000003" lon="120.09598000000001">
    <ele>573.62</ele>
   </trkpt>
   <trkpt lat="29.9492" lon="120.09602000000001">
    <ele>574.1500000000001</ele>
   </trkpt>
   <trkpt lat="29.948990000000002" lon="120.09611000000001">
    <ele>577.19</ele>
   </trkpt>
   <trkpt lat="29.948790000000002" lon="120.09631000000002">
    <ele>580.0300000000001</ele>
   </trkpt>
   <trkpt lat="29.948700000000002" lon="120.09637000000001">
    <ele>581.5600000000001</ele>
   </trkpt>
   <trkpt lat="29.948590000000003" lon="120.09638000000001">
    <ele>582.38</ele>
   </trkpt>
   <trkpt lat="29.948300000000003" lon="120.09632">
    <ele>584.74</ele>
   </trkpt>
   <trkpt lat="29.94806" lon="120.09643000000001">
    <ele>585.72</ele>
   </trkpt>
   <trkpt lat="29.947840000000003" lon="120.09645">
    <ele>586.75</ele>
   </trkpt>
   <trkpt lat="29.947810000000004" lon="120.09647000000001">
    <ele>586.75</ele>
   </trkpt>
   <trkpt lat="29.947750000000003" lon="120.09654">
    <ele>587.07</ele>
   </trkpt>
   <trkpt lat="29.9477" lon="120.09667">
    <ele>587.07</ele>
   </trkpt>
   <trkpt lat="29.947730000000004" lon="120.09687000000001">
    <ele>588.04</ele>
   </trkpt>
   <trkpt lat="29.947620000000004" lon="120.09714000000001">
    <ele>588.7800000000001</ele>
   </trkpt>
   <trkpt lat="29.947630000000004" lon="120.09724000000001">
    <ele>588.7800000000001</ele>
   </trkpt>
   <trkpt lat="29.947720000000004" lon="120.09736000000001">
    <ele>589.4200000000001</ele>
   </trkpt>
   <trkpt lat="29.947760000000002" lon="120.09739">
    <ele>589.84</ele>
   </trkpt>
   <trkpt lat="29.94834" lon="120.09742000000001">
    <ele>592.8</ele>
   </trkpt>
   <trkpt lat="29.948780000000003" lon="120.09762">
    <ele>596.7800000000001</ele>
   </trkpt>
   <trkpt lat="29.949120000000004" lon="120.09771">
    <ele>599.44</ele>
   </trkpt>
   <trkpt lat="29.94939" lon="120.09774000000002">
    <ele>600.7300000000001</ele>
   </trkpt>
   <trkpt lat="29.94958" lon="120.09771">
    <ele>602.01</ele>
   </trkpt>
   <trkpt lat="29.949880000000004" lon="120.09761">
    <ele>605.7900000000001</ele>
   </trkpt>
   <trkpt lat="29.95005" lon="120.09750000000001">
    <ele>607.0300000000001</ele>
   </trkpt>
   <trkpt lat="29.95013" lon="120.09751000000001">
    <ele>607.1800000000001</ele>
   </trkpt>
   <trkpt lat="29.95013" lon="120.09760000000001">
    <ele>607.35</ele>
   </trkpt>
   <trkpt lat="29.949840000000002" lon="120.09778000000001">
    <ele>607.58</ele>
   </trkpt>
   <trkpt lat="29.949790000000004" lon="120.09792000000002">
    <ele>607.95</ele>
   </trkpt>
   <trkpt lat="29.949780000000004" lon="120.09818000000001">
    <ele>608.38</ele>
   </trkpt>
   <trkpt lat="29.949820000000003" lon="120.09830000000001">
    <ele>610.3000000000001</ele>
   </trkpt>
   <trkpt lat="29.94995" lon="120.09850000000002">
    <ele>611.5600000000001</ele>
   </trkpt>
   <trkpt lat="29.94996" lon="120.09859000000002">
    <ele>611.5600000000001</ele>
   </trkpt>
   <trkpt lat="29.949930000000002" lon="120.09872000000001">
    <ele>611.97</ele>
   </trkpt>
   <trkpt lat="29.949920000000002" lon="120.09886000000002">
    <ele>612.45</ele>
   </trkpt>
   <trkpt lat="29.94995" lon="120.09896">
    <ele>612.5</ele>
   </trkpt>
   <trkpt lat="29.950110000000002" lon="120.09912000000001">
    <ele>612.1700000000001</ele>
   </trkpt>
   <trkpt lat="29.95014" lon="120.09922000000002">
    <ele>611.73</ele>
   </trkpt>
   <trkpt lat="29.950120000000002" lon="120.09932">
    <ele>611.11</ele>
   </trkpt>
   <trkpt lat="29.95005" lon="120.0994">
    <ele>609.6400000000001</ele>
   </trkpt>
   <trkpt lat="29.94985" lon="120.09953000000002">
    <ele>608.72</ele>
   </trkpt>
   <trkpt lat="29.949710000000003" lon="120.09967">
    <ele>608.0699999999999</ele>
   </trkpt>
   <trkpt lat="29.9492" lon="120.10002000000001">
    <ele>606.1899999999999</ele>
   </trkpt>
   <trkpt lat="29.949150000000003" lon="120.10008">
    <ele>606.1899999999999</ele>
   </trkpt>
   <trkpt lat="29.949130000000004" lon="120.10015000000001">
    <ele>606.1899999999999</ele>
   </trkpt>
   <trkpt lat="29.949150000000003" lon="120.10074000000002">
    <ele>602.84</ele>
   </trkpt>
   <trkpt lat="29.9494" lon="120.10129">
    <ele>599.36</ele>
   </trkpt>
   <trkpt lat="29.94948" lon="120.10151">
    <ele>598.46</ele>
   </trkpt>
   <trkpt lat="29.94956" lon="120.10167000000001">
    <ele>598.02</ele>
   </trkpt>
   <trkpt lat="29.94966" lon="120.10180000000001">
    <ele>597.74</ele>
   </trkpt>
   <trkpt lat="29.949780000000004" lon="120.10186000000002">
    <ele>597.8500000000001</ele>
   </trkpt>
   <trkpt lat="29.949990000000003" lon="120.10187">
    <ele>598.5100000000001</ele>
   </trkpt>
   <trkpt lat="29.950640000000003" lon="120.10222000000002">
    <ele>601.65</ele>
   </trkpt>
   <trkpt lat="29.9507" lon="120.10228000000001">
    <ele>601.6400000000001</ele>
   </trkpt>
   <trkpt lat="29.950770000000002" lon="120.10266000000001">
    <ele>601.1800000000001</ele>
   </trkpt>
   <trkpt lat="29.950830000000003" lon="120.10275000000001">
    <ele>601.1800000000001</ele>
   </trkpt>
   <trkpt lat="29.950950000000002" lon="120.10280000000002">
    <ele>600.82</ele>
   </trkpt>
   <trkpt lat="29.951330000000002" lon="120.10278000000001">
    <ele>600.38</ele>
   </trkpt>
   <trkpt lat="29.95145" lon="120.10282000000001">
    <ele>600.25</ele>
   </trkpt>
   <trkpt lat="29.951500000000003" lon="120.10286">
    <ele>600.0600000000001</ele>
   </trkpt>
   <trkpt lat="29.95153" lon="120.10292000000001">
    <ele>599.94</ele>
   </trkpt>
   <trkpt lat="29.951610000000002" lon="120.10336000000001">
    <ele>598.8500000000001</ele>
   </trkpt>
   <trkpt lat="29.951670000000004" lon="120.10350000000001">
    <ele>598.57</ele>
   </trkpt>
   <trkpt lat="29.951760000000004" lon="120.10358000000001">
    <ele>598.0600000000001</ele>
   </trkpt>
   <trkpt lat="29.951940000000004" lon="120.10364000000001">
    <ele>597.9100000000001</ele>
   </trkpt>
   <trkpt lat="29.95201" lon="120.10369000000001">
    <ele>597.8100000000001</ele>
   </trkpt>
   <trkpt lat="29.952070000000003" lon="120.10378000000001">
    <ele>597.7800000000001</ele>
   </trkpt>
   <trkpt lat="29.952080000000002" lon="120.10398">
    <ele>597.86</ele>
   </trkpt>
   <trkpt lat="29.95212" lon="120.10407000000001">
    <ele>597.86</ele>
   </trkpt>
   <trkpt lat="29.952230000000004" lon="120.1042">
    <ele>597.7800000000001</ele>
   </trkpt>
   <trkpt lat="29.952340000000003" lon="120.10427000000001">
    <ele>597.63</ele>
   </trkpt>
   <trkpt lat="29.95239" lon="120.10433">
    <ele>597.1899999999999</ele>
   </trkpt>
   <trkpt lat="29.952450000000002" lon="120.10446">
    <ele>597.1899999999999</ele>
   </trkpt>
   <trkpt lat="29.952530000000003" lon="120.10454000000001">
    <ele>596.37</ele>
   </trkpt>
   <trkpt lat="29.952810000000003" lon="120.10469">
    <ele>595.6800000000001</ele>
   </trkpt>
   <trkpt lat="29.952830000000002" lon="120.10481000000001">
    <ele>595.3000000000001</ele>
   </trkpt>
   <trkpt lat="29.952740000000002" lon="120.10492">
    <ele>594.75</ele>
   </trkpt>
   <trkpt lat="29.952500000000004" lon="120.10511000000001">
    <ele>592.6800000000001</ele>
   </trkpt>
   <trkpt lat="29.952360000000002" lon="120.10530000000001">
    <ele>592.07</ele>
   </trkpt>
   <trkpt lat="29.95229" lon="120.10549">
    <ele>591.77</ele>
   </trkpt>
   <trkpt lat="29.9523" lon="120.10561000000001">
    <ele>591.84</ele>
   </trkpt>
   <trkpt lat="29.952370000000002" lon="120.10576">
    <ele>592.22</ele>
   </trkpt>
   <trkpt lat="29.95258" lon="120.10599">
    <ele>593.09</ele>
   </trkpt>
   <trkpt lat="29.952620000000003" lon="120.10616000000002">
    <ele>592.77</ele>
   </trkpt>
   <trkpt lat="29.95247" lon="120.10657">
    <ele>589.8800000000001</ele>
   </trkpt>
   <trkpt lat="29.95221" lon="120.10713000000001">
    <ele>586.64</ele>
   </trkpt>
   <trkpt lat="29.952220000000004" lon="120.10722000000001">
    <ele>585.25</ele>
   </trkpt>
   <trkpt lat="29.952260000000003" lon="120.10730000000001">
    <ele>584.9300000000001</ele>
   </trkpt>
   <trkpt lat="29.952710000000003" lon="120.10763000000001">
    <ele>583.55</ele>
   </trkpt>
   <trkpt lat="29.95275" lon="120.10772000000001">
    <ele>583.55</ele>
   </trkpt>
   <trkpt lat="29.952830000000002" lon="120.10802000000001">
    <ele>583.2700000000001</ele>
   </trkpt>
   <trkpt lat="29.952880000000004" lon="120.10808000000002">
    <ele>583.2700000000001</ele>
   </trkpt>
   <trkpt lat="29.95294" lon="120.10809">
    <ele>583.1700000000001</ele>
   </trkpt>
   <trkpt lat="29.953550000000003" lon="120.10805">
    <ele>582.6600000000001</ele>
   </trkpt>
   <trkpt lat="29.953650000000003" lon="120.10809">
    <ele>582.5</ele>
   </trkpt>
   <trkpt lat="29.95369" lon="120.10815000000001">
    <ele>582.5</ele>
   </trkpt>
   <trkpt lat="29.95369" lon="120.10822">
    <ele>582.33</ele>
   </trkpt>
   <trkpt lat="29.953530000000004" lon="120.10879000000001">
    <ele>580.67</ele>
   </trkpt>
   <trkpt lat="29.953630000000004" lon="120.10903">
    <ele>579.6300000000001</ele>
   </trkpt>
   <trkpt lat="29.953650000000003" lon="120.10912">
    <ele>579.07</ele>
   </trkpt>
   <trkpt lat="29.953590000000002" lon="120.10948">
    <ele>577.08</ele>
   </trkpt>
   <trkpt lat="29.95362" lon="120.10957">
    <ele>576.58</ele>
   </trkpt>
   <trkpt lat="29.953630000000004" lon="120.10958000000001">
    <ele>576.58</ele>
   </trkpt>
   <trkpt lat="29.953960000000002" lon="120.10985000000001">
    <ele>575.16</ele>
   </trkpt>
   <trkpt lat="29.954310000000003" lon="120.11000000000001">
    <ele>574.01</ele>
   </trkpt>
   <trkpt lat="29.95436" lon="120.11000000000001">
    <ele>573.84</ele>
   </trkpt>
   <trkpt lat="29.954520000000002" lon="120.10967000000001">
    <ele>573.1500000000001</ele>
   </trkpt>
   <trkpt lat="29.95511" lon="120.10925">
    <ele>568.52</ele>
   </trkpt>
   <trkpt lat="29.9552" lon="120.10921">
    <ele>568.03</ele>
   </trkpt>
   <trkpt lat="29.9553" lon="120.10926">
    <ele>567.8700000000001</ele>
   </trkpt>
   <trkpt lat="29.955270000000002" lon="120.10964000000001">
    <ele>565.99</ele>
   </trkpt>
   <trkpt lat="29.95531" lon="120.10976000000001">
    <ele>565.4200000000001</ele>
   </trkpt>
   <trkpt lat="29.955430000000003" lon="120.10994000000001">
    <ele>565.22</ele>
   </trkpt>
   <trkpt lat="29.955630000000003" lon="120.11007000000001">
    <ele>564.37</ele>
   </trkpt>
   <trkpt lat="29.955700000000004" lon="120.11008000000001">
    <ele>564.37</ele>
   </trkpt>
   <trkpt lat="29.956110000000002" lon="120.10988">
    <ele>563.5600000000001</ele>
   </trkpt>
   <trkpt lat="29.95624" lon="120.10988">
    <ele>563.1</ele>
   </trkpt>
   <trkpt lat="29.95634" lon="120.10991000000001">
    <ele>563.1</ele>
   </trkpt>
   <trkpt lat="29.95642" lon="120.10996000000002">
    <ele>562.3100000000001</ele>
   </trkpt>
   <trkpt lat="29.956550000000004" lon="120.11008000000001">
    <ele>562.07</ele>
   </trkpt>
   <trkpt lat="29.95661" lon="120.11011">
    <ele>562.07</ele>
   </trkpt>
   <trkpt lat="29.9567" lon="120.11011">
    <ele>562.07</ele>
   </trkpt>
   <trkpt lat="29.957" lon="120.10995000000001">
    <ele>561.12</ele>
   </trkpt>
   <trkpt lat="29.95708" lon="120.10995000000001">
    <ele>560.91</ele>
   </trkpt>
   <trkpt lat="29.957130000000003" lon="120.10998000000001">
    <ele>560.76</ele>
   </trkpt>
   <trkpt lat="29.957230000000003" lon="120.11023000000002">
    <ele>559.9300000000001</ele>
   </trkpt>
   <trkpt lat="29.95728" lon="120.11030000000001">
    <ele>559.73</ele>
   </trkpt>
   <trkpt lat="29.957440000000002" lon="120.11031000000001">
    <ele>559.6800000000001</ele>
   </trkpt>
   <trkpt lat="29.957510000000003" lon="120.11034000000001">
    <ele>559.85</ele>
   </trkpt>
   <trkpt lat="29.957620000000002" lon="120.11049000000001">
    <ele>560.6800000000001</ele>
   </trkpt>
   <trkpt lat="29.957770000000004" lon="120.11057000000001">
    <ele>560.97</ele>
   </trkpt>
   <trkpt lat="29.957850000000004" lon="120.11057000000001">
    <ele>563.1400000000001</ele>
   </trkpt>
   <trkpt lat="29.958130000000004" lon="120.11050000000002">
    <ele>564.5100000000001</ele>
   </trkpt>
   <trkpt lat="29.958170000000003" lon="120.11052000000001">
    <ele>564.84</ele>
   </trkpt>
   <trkpt lat="29.95821" lon="120.11057000000001">
    <ele>565.13</ele>
   </trkpt>
   <trkpt lat="29.958250000000003" lon="120.11097000000001">
    <ele>565.99</ele>
   </trkpt>
   <trkpt lat="29.958250000000003" lon="120.11142000000001">
    <ele>566.0200000000001</ele>
   </trkpt>
   <trkpt lat="29.958280000000002" lon="120.11151000000001">
    <ele>566.0400000000001</ele>
   </trkpt>
   <trkpt lat="29.958350000000003" lon="120.11159">
    <ele>566.1</ele>
   </trkpt>
   <trkpt lat="29.95849" lon="120.11169000000001">
    <ele>566.1</ele>
   </trkpt>
   <trkpt lat="29.95868" lon="120.11172">
    <ele>566.03</ele>
   </trkpt>
   <trkpt lat="29.95876" lon="120.11175000000001">
    <ele>565.82</ele>
   </trkpt>
   <trkpt lat="29.95896" lon="120.11189000000002">
    <ele>565.37</ele>
   </trkpt>
   <trkpt lat="29.959310000000002" lon="120.11194">
    <ele>563.6600000000001</ele>
   </trkpt>
   <trkpt lat="29.95961" lon="120.11184000000002">
    <ele>560.8700000000001</ele>
   </trkpt>
   <trkpt lat="29.959680000000002" lon="120.11183000000001">
    <ele>560.03</ele>
   </trkpt>
   <trkpt lat="29.959860000000003" lon="120.11184000000002">
    <ele>558.12</ele>
   </trkpt>
   <trkpt lat="29.95999" lon="120.11181">
    <ele>557.03</ele>
   </trkpt>
   <trkpt lat="29.96007" lon="120.11182000000001">
    <ele>555.8000000000001</ele>
   </trkpt>
   <trkpt lat="29.960120000000003" lon="120.11188000000001">
    <ele>554.3800000000001</ele>
   </trkpt>
   <trkpt lat="29.960130000000003" lon="120.11198000000002">
    <ele>551.97</ele>
   </trkpt>
   <trkpt lat="29.96008" lon="120.11212">
    <ele>550.4499999999999</ele>
   </trkpt>
   <trkpt lat="29.960050000000003" lon="120.11243">
    <ele>546.9200000000001</ele>
   </trkpt>
   <trkpt lat="29.960150000000002" lon="120.11259000000001">
    <ele>545.66</ele>
   </trkpt>
   <trkpt lat="29.960150000000002" lon="120.11271">
    <ele>544.96</ele>
   </trkpt>
   <trkpt lat="29.960110000000004" lon="120.11290000000001">
    <ele>542.9300000000001</ele>
   </trkpt>
   <trkpt lat="29.960110000000004" lon="120.11304000000001">
    <ele>542.9300000000001</ele>
   </trkpt>
   <trkpt lat="29.96017" lon="120.11313000000001">
    <ele>542.9300000000001</ele>
   </trkpt>
   <trkpt lat="29.960390000000004" lon="120.11334000000001">
    <ele>540.64</ele>
   </trkpt>
   <trkpt lat="29.96054" lon="120.11339000000001">
    <ele>539.6800000000001</ele>
   </trkpt>
   <trkpt lat="29.960790000000003" lon="120.11336000000001">
    <ele>539.19</ele>
   </trkpt>
   <trkpt lat="29.9612" lon="120.11347">
    <ele>537.3100000000001</ele>
   </trkpt>
   <trkpt lat="29.961340000000003" lon="120.1136">
    <ele>537.0600000000001</ele>
   </trkpt>
   <trkpt lat="29.96141" lon="120.11371000000001">
    <ele>536.74</ele>
   </trkpt>
   <trkpt lat="29.96141" lon="120.11372000000001">
    <ele>536.74</ele>
   </trkpt>
   <trkpt lat="29.961360000000003" lon="120.11417000000002">
    <ele>536.0200000000001</ele>
   </trkpt>
   <trkpt lat="29.96139" lon="120.1144">
    <ele>535.5600000000001</ele>
   </trkpt>
   <trkpt lat="29.961520000000004" lon="120.11476">
    <ele>534.12</ele>
   </trkpt>
   <trkpt lat="29.961740000000002" lon="120.11512">
    <ele>532.97</ele>
   </trkpt>
   <trkpt lat="29.96178" lon="120.11524000000001">
    <ele>532.87</ele>
   </trkpt>
   <trkpt lat="29.96177" lon="120.11535">
    <ele>532.52</ele>
   </trkpt>
   <trkpt lat="29.961650000000002" lon="120.11549000000001">
    <ele>530.94</ele>
   </trkpt>
   <trkpt lat="29.961510000000004" lon="120.11558000000001">
    <ele>528.2</ele>
   </trkpt>
   <trkpt lat="29.96111" lon="120.11568000000001">
    <ele>524.66</ele>
   </trkpt>
   <trkpt lat="29.961000000000002" lon="120.11578000000002">
    <ele>523.6700000000001</ele>
   </trkpt>
   <trkpt lat="29.960800000000003" lon="120.11591000000001">
    <ele>522.6800000000001</ele>
   </trkpt>
   <trkpt lat="29.960340000000002" lon="120.11632000000002">
    <ele>522.3500000000001</ele>
   </trkpt>
   <trkpt lat="29.960290000000004" lon="120.11643000000001">
    <ele>523.02</ele>
   </trkpt>
   <trkpt lat="29.960290000000004" lon="120.11655">
    <ele>523.3500000000001</ele>
   </trkpt>
   <trkpt lat="29.96036" lon="120.11686000000002">
    <ele>523.54</ele>
   </trkpt>
   <trkpt lat="29.960330000000003" lon="120.11694000000001">
    <ele>523.54</ele>
   </trkpt>
   <trkpt lat="29.960290000000004" lon="120.11698000000001">
    <ele>523.49</ele>
   </trkpt>
   <trkpt lat="29.960230000000003" lon="120.11699000000002">
    <ele>523.4100000000001</ele>
   </trkpt>
   <trkpt lat="29.959760000000003" lon="120.11688000000001">
    <ele>522.09</ele>
   </trkpt>
   <trkpt lat="29.959600000000002" lon="120.11676000000001">
    <ele>521.69</ele>
   </trkpt>
   <trkpt lat="29.959130000000002" lon="120.11663000000001">
    <ele>522.1</ele>
   </trkpt>
   <trkpt lat="29.95886" lon="120.11644000000001">
    <ele>522.32</ele>
   </trkpt>
   <trkpt lat="29.958810000000003" lon="120.11646">
    <ele>522.32</ele>
   </trkpt>
   <trkpt lat="29.958720000000003" lon="120.11657000000001">
    <ele>522.0799999999999</ele>
   </trkpt>
   <trkpt lat="29.95867" lon="120.1166">
    <ele>521.84</ele>
   </trkpt>
   <trkpt lat="29.958450000000003" lon="120.11664">
    <ele>521.1600000000001</ele>
   </trkpt>
   <trkpt lat="29.958130000000004" lon="120.11684000000001">
    <ele>520.6200000000001</ele>
   </trkpt>
   <trkpt lat="29.9581" lon="120.11694000000001">
    <ele>520.5600000000001</ele>
   </trkpt>
   <trkpt lat="29.95812" lon="120.117">
    <ele>520.47</ele>
   </trkpt>
   <trkpt lat="29.95821" lon="120.11712000000001">
    <ele>520.22</ele>
   </trkpt>
   <trkpt lat="29.958280000000002" lon="120.11733000000001">
    <ele>519.4300000000001</ele>
   </trkpt>
   <trkpt lat="29.95857" lon="120.11751000000001">
    <ele>518.7900000000001</ele>
   </trkpt>
   <trkpt lat="29.958640000000003" lon="120.11769000000001">
    <ele>518.49</ele>
   </trkpt>
   <trkpt lat="29.958650000000002" lon="120.11777000000001">
    <ele>518.49</ele>
   </trkpt>
   <trkpt lat="29.958610000000004" lon="120.11785">
    <ele>518.3100000000001</ele>
   </trkpt>
   <trkpt lat="29.9584" lon="120.11799">
    <ele>517.6200000000001</ele>
   </trkpt>
   <trkpt lat="29.958320000000004" lon="120.11809000000001">
    <ele>517.24</ele>
   </trkpt>
   <trkpt lat="29.95829" lon="120.11819000000001">
    <ele>517.1600000000001</ele>
   </trkpt>
   <trkpt lat="29.95831" lon="120.11864000000001">
    <ele>517.4300000000001</ele>
   </trkpt>
   <trkpt lat="29.958440000000003" lon="120.11890000000001">
    <ele>517.98</ele>
   </trkpt>
   <trkpt lat="29.958450000000003" lon="120.11914000000002">
    <ele>517.98</ele>
   </trkpt>
   <trkpt lat="29.958530000000003" lon="120.11930000000001">
    <ele>518.58</ele>
   </trkpt>
   <trkpt lat="29.958730000000003" lon="120.11956">
    <ele>519.19</ele>
   </trkpt>
   <trkpt lat="29.958790000000004" lon="120.1196">
    <ele>519.19</ele>
   </trkpt>
   <trkpt lat="29.958820000000003" lon="120.11965000000001">
    <ele>519.49</ele>
   </trkpt>
   <trkpt lat="29.958800000000004" lon="120.11974000000001">
    <ele>519.5600000000001</ele>
   </trkpt>
   <trkpt lat="29.958750000000002" lon="120.11977000000002">
    <ele>519.57</ele>
   </trkpt>
   <trkpt lat="29.95858" lon="120.11979000000001">
    <ele>519.39</ele>
   </trkpt>
   <trkpt lat="29.958510000000004" lon="120.11982">
    <ele>519.36</ele>
   </trkpt>
   <trkpt lat="29.958460000000002" lon="120.11988000000001">
    <ele>519.44</ele>
   </trkpt>
   <trkpt lat="29.958460000000002" lon="120.12005">
    <ele>519.44</ele>
   </trkpt>
   <trkpt lat="29.958720000000003" lon="120.12077000000001">
    <ele>520.88</ele>
   </trkpt>
   <trkpt lat="29.958730000000003" lon="120.12087000000001">
    <ele>520.88</ele>
   </trkpt>
   <trkpt lat="29.958700000000004" lon="120.12093000000002">
    <ele>520.98</ele>
   </trkpt>
   <trkpt lat="29.958640000000003" lon="120.12097000000001">
    <ele>521.09</ele>
   </trkpt>
   <trkpt lat="29.958540000000003" lon="120.12097000000001">
    <ele>521.05</ele>
   </trkpt>
   <trkpt lat="29.958460000000002" lon="120.12101000000001">
    <ele>520.9200000000001</ele>
   </trkpt>
   <trkpt lat="29.958380000000002" lon="120.12114000000001">
    <ele>520.6200000000001</ele>
   </trkpt>
   <trkpt lat="29.958320000000004" lon="120.12129000000002">
    <ele>520.6200000000001</ele>
   </trkpt>
   <trkpt lat="29.95831" lon="120.12153">
    <ele>520.09</ele>
   </trkpt>
   <trkpt lat="29.958230000000004" lon="120.12192">
    <ele>519.47</ele>
   </trkpt>
   <trkpt lat="29.958130000000004" lon="120.12229">
    <ele>517.5000000000001</ele>
   </trkpt>
   <trkpt lat="29.95812" lon="120.12245000000001">
    <ele>515.72</ele>
   </trkpt>
   <trkpt lat="29.958170000000003" lon="120.12280000000001">
    <ele>512.7700000000001</ele>
   </trkpt>
   <trkpt lat="29.958190000000002" lon="120.12311000000001">
    <ele>510.76</ele>
   </trkpt>
   <trkpt lat="29.958230000000004" lon="120.12319000000001">
    <ele>510.17</ele>
   </trkpt>
   <trkpt lat="29.95831" lon="120.12328000000001">
    <ele>509.6400000000001</ele>
   </trkpt>
   <trkpt lat="29.958420000000004" lon="120.12348000000001">
    <ele>508.89000000000004</ele>
   </trkpt>
   <trkpt lat="29.958430000000003" lon="120.12358">
    <ele>508.70000000000005</ele>
   </trkpt>
   <trkpt lat="29.958410000000004" lon="120.12365000000001">
    <ele>508.49</ele>
   </trkpt>
   <trkpt lat="29.95822" lon="120.1238">
    <ele>508.0</ele>
   </trkpt>
   <trkpt lat="29.958180000000002" lon="120.12388000000001">
    <ele>508.0</ele>
   </trkpt>
   <trkpt lat="29.958170000000003" lon="120.12396000000001">
    <ele>507.69000000000005</ele>
   </trkpt>
   <trkpt lat="29.9582" lon="120.12410000000001">
    <ele>507.46000000000004</ele>
   </trkpt>
   <trkpt lat="29.9582" lon="120.12428000000001">
    <ele>506.6</ele>
   </trkpt>
   <trkpt lat="29.958230000000004" lon="120.12438000000002">
    <ele>506.31</ele>
   </trkpt>
   <trkpt lat="29.958230000000004" lon="120.12440000000001">
    <ele>506.09999999999997</ele>
   </trkpt>
   <trkpt lat="29.9583" lon="120.12450000000001">
    <ele>504.83</ele>
   </trkpt>
   <trkpt lat="29.958350000000003" lon="120.12453000000001">
    <ele>504.83</ele>
   </trkpt>
   <trkpt lat="29.958610000000004" lon="120.12458000000001">
    <ele>501.55000000000007</ele>
   </trkpt>
   <trkpt lat="29.95868" lon="120.12463000000001">
    <ele>500.71</ele>
   </trkpt>
   <trkpt lat="29.958740000000002" lon="120.12472000000001">
    <ele>500.32</ele>
   </trkpt>
   <trkpt lat="29.95886" lon="120.12499000000001">
    <ele>498.58000000000004</ele>
   </trkpt>
   <trkpt lat="29.95887" lon="120.12531000000001">
    <ele>498.3</ele>
   </trkpt>
   <trkpt lat="29.958900000000003" lon="120.12536000000001">
    <ele>498.34000000000003</ele>
   </trkpt>
   <trkpt lat="29.95896" lon="120.12541000000002">
    <ele>498.34000000000003</ele>
   </trkpt>
   <trkpt lat="29.959110000000003" lon="120.12546">
    <ele>498.57</ele>
   </trkpt>
   <trkpt lat="29.959180000000003" lon="120.12551">
    <ele>498.58000000000004</ele>
   </trkpt>
   <trkpt lat="29.959410000000002" lon="120.12582">
    <ele>498.2300000000001</ele>
   </trkpt>
   <trkpt lat="29.959670000000003" lon="120.12626000000002">
    <ele>496.83000000000004</ele>
   </trkpt>
   <trkpt lat="29.959740000000004" lon="120.12645">
    <ele>495.86</ele>
   </trkpt>
   <trkpt lat="29.959740000000004" lon="120.12678000000001">
    <ele>495.47</ele>
   </trkpt>
   <trkpt lat="29.959760000000003" lon="120.12684000000002">
    <ele>495.3500000000001</ele>
   </trkpt>
   <trkpt lat="29.9598" lon="120.12689">
    <ele>495.3500000000001</ele>
   </trkpt>
   <trkpt lat="29.96" lon="120.12703">
    <ele>495.14</ele>
   </trkpt>
   <trkpt lat="29.960040000000003" lon="120.12714000000001">
    <ele>495.19</ele>
   </trkpt>
   <trkpt lat="29.96007" lon="120.12732000000001">
    <ele>495.34000000000003</ele>
   </trkpt>
   <trkpt lat="29.960300000000004" lon="120.12771000000001">
    <ele>497.00000000000006</ele>
   </trkpt>
   <trkpt lat="29.960410000000003" lon="120.12779">
    <ele>497.83000000000004</ele>
   </trkpt>
   <trkpt lat="29.96046" lon="120.12788">
    <ele>497.83000000000004</ele>
   </trkpt>
   <trkpt lat="29.96054" lon="120.12826000000001">
    <ele>498.69</ele>
   </trkpt>
   <trkpt lat="29.96064" lon="120.12842">
    <ele>498.94000000000005</ele>
   </trkpt>
   <trkpt lat="29.960700000000003" lon="120.12848000000001">
    <ele>499.28000000000003</ele>
   </trkpt>
   <trkpt lat="29.960890000000003" lon="120.12847000000001">
    <ele>499.44000000000005</ele>
   </trkpt>
   <trkpt lat="29.960970000000003" lon="120.12850000000002">
    <ele>499.49</ele>
   </trkpt>
   <trkpt lat="29.96102" lon="120.12858000000001">
    <ele>499.49</ele>
   </trkpt>
   <trkpt lat="29.961070000000003" lon="120.12911000000001">
    <ele>498.45000000000005</ele>
   </trkpt>
   <trkpt lat="29.961170000000003" lon="120.12924000000001">
    <ele>498.3</ele>
   </trkpt>
   <trkpt lat="29.9613" lon="120.12935000000002">
    <ele>498.24</ele>
   </trkpt>
   <trkpt lat="29.961470000000002" lon="120.12946000000001">
    <ele>498.56000000000006</ele>
   </trkpt>
   <trkpt lat="29.961530000000003" lon="120.12957000000002">
    <ele>498.85</ele>
   </trkpt>
   <trkpt lat="29.961620000000003" lon="120.12993000000002">
    <ele>500.09000000000003</ele>
   </trkpt>
   <trkpt lat="29.961700000000004" lon="120.13006000000001">
    <ele>500.50000000000006</ele>
   </trkpt>
   <trkpt lat="29.961930000000002" lon="120.13014000000001">
    <ele>500.92999999999995</ele>
   </trkpt>
   <trkpt lat="29.96205" lon="120.13027000000001">
    <ele>501.09000000000003</ele>
   </trkpt>
   <trkpt lat="29.96223" lon="120.13073000000001">
    <ele>502.45000000000005</ele>
   </trkpt>
   <trkpt lat="29.96233" lon="120.13086000000001">
    <ele>503.88</ele>
   </trkpt>
   <trkpt lat="29.96308" lon="120.1311">
    <ele>508.16</ele>
   </trkpt>
   <trkpt lat="29.963120000000004" lon="120.13117000000001">
    <ele>508.33000000000004</ele>
   </trkpt>
   <trkpt lat="29.963130000000003" lon="120.13130000000001">
    <ele>508.33000000000004</ele>
   </trkpt>
   <trkpt lat="29.96309" lon="120.13208000000002">
    <ele>510.82000000000005</ele>
   </trkpt>
   <trkpt lat="29.963120000000004" lon="120.13221000000001">
    <ele>511.15</ele>
   </trkpt>
   <trkpt lat="29.963350000000002" lon="120.13237000000001">
    <ele>511.75</ele>
   </trkpt>
   <trkpt lat="29.963520000000003" lon="120.13291000000001">
    <ele>511.88</ele>
   </trkpt>
   <trkpt lat="29.963580000000004" lon="120.13298">
    <ele>511.89000000000004</ele>
   </trkpt>
   <trkpt lat="29.963670000000004" lon="120.13305000000001">
    <ele>511.89000000000004</ele>
   </trkpt>
   <trkpt lat="29.963770000000004" lon="120.13308">
    <ele>511.89000000000004</ele>
   </trkpt>
   <trkpt lat="29.96394" lon="120.13309000000001">
    <ele>512.1300000000001</ele>
   </trkpt>
   <trkpt lat="29.964060000000003" lon="120.13314000000001">
    <ele>512.1300000000001</ele>
   </trkpt>
   <trkpt lat="29.964160000000003" lon="120.13323000000001">
    <ele>512.1300000000001</ele>
   </trkpt>
   <trkpt lat="29.964440000000003" lon="120.13356">
    <ele>512.22</ele>
   </trkpt>
   <trkpt lat="29.964530000000003" lon="120.13360000000002">
    <ele>512.22</ele>
   </trkpt>
   <trkpt lat="29.964630000000003" lon="120.13358000000001">
    <ele>512.76</ele>
   </trkpt>
   <trkpt lat="29.96479" lon="120.13351000000002">
    <ele>512.76</ele>
   </trkpt>
   <trkpt lat="29.964920000000003" lon="120.13349000000001">
    <ele>512.97</ele>
   </trkpt>
   <trkpt lat="29.965310000000002" lon="120.13352">
    <ele>513.19</ele>
   </trkpt>
   <trkpt lat="29.965790000000002" lon="120.13375">
    <ele>513.47</ele>
   </trkpt>
   <trkpt lat="29.96591" lon="120.13384">
    <ele>513.21</ele>
   </trkpt>
   <trkpt lat="29.966210000000004" lon="120.13438000000001">
    <ele>512.29</ele>
   </trkpt>
   <trkpt lat="29.96637" lon="120.13462000000001">
    <ele>512.29</ele>
   </trkpt>
   <trkpt lat="29.966580000000004" lon="120.13528000000001">
    <ele>511.37</ele>
   </trkpt>
   <trkpt lat="29.966590000000004" lon="120.13552000000001">
    <ele>511.25000000000006</ele>
   </trkpt>
   <trkpt lat="29.96655" lon="120.13573000000001">
    <ele>510.6400000000001</ele>
   </trkpt>
   <trkpt lat="29.966540000000002" lon="120.13604000000001">
    <ele>509.9600000000001</ele>
   </trkpt>
   <trkpt lat="29.96656" lon="120.13634">
    <ele>509.0800000000001</ele>
   </trkpt>
   <trkpt lat="29.96665" lon="120.13656">
    <ele>509.0800000000001</ele>
   </trkpt>
   <trkpt lat="29.966690000000003" lon="120.13674">
    <ele>508.87000000000006</ele>
   </trkpt>
   <trkpt lat="29.96711" lon="120.13717000000001">
    <ele>508.51</ele>
   </trkpt>
   <trkpt lat="29.96731" lon="120.13732000000002">
    <ele>508.57000000000005</ele>
   </trkpt>
   <trkpt lat="29.967540000000003" lon="120.13763000000002">
    <ele>508.26000000000005</ele>
   </trkpt>
   <trkpt lat="29.967670000000002" lon="120.13771000000001">
    <ele>508.26000000000005</ele>
   </trkpt>
   <trkpt lat="29.967920000000003" lon="120.138">
    <ele>508.11000000000007</ele>
   </trkpt>
   <trkpt lat="29.96816" lon="120.13804">
    <ele>507.90000000000003</ele>
   </trkpt>
   <trkpt lat="29.968280000000004" lon="120.13811000000001">
    <ele>507.8</ele>
   </trkpt>
   <trkpt lat="29.96843" lon="120.13815000000001">
    <ele>507.75</ele>
   </trkpt>
   <trkpt lat="29.96861" lon="120.13814">
    <ele>507.75</ele>
   </trkpt>
   <trkpt lat="29.968690000000002" lon="120.13816000000001">
    <ele>507.73</ele>
   </trkpt>
   <trkpt lat="29.9688" lon="120.13829000000001">
    <ele>507.73</ele>
   </trkpt>
   <trkpt lat="29.968850000000003" lon="120.13852000000001">
    <ele>507.6</ele>
   </trkpt>
   <trkpt lat="29.96891" lon="120.13860000000001">
    <ele>507.51</ele>
   </trkpt>
   <trkpt lat="29.969440000000002" lon="120.13885">
    <ele>506.26000000000005</ele>
   </trkpt>
   <trkpt lat="29.969790000000003" lon="120.13884000000002">
    <ele>506.07</ele>
   </trkpt>
   <trkpt lat="29.969870000000004" lon="120.13885">
    <ele>506.07</ele>
   </trkpt>
   <trkpt lat="29.969920000000002" lon="120.13889">
    <ele>506.07</ele>
   </trkpt>
   <trkpt lat="29.96995" lon="120.13894">
    <ele>506.01000000000005</ele>
   </trkpt>
   <trkpt lat="29.969970000000004" lon="120.13916">
    <ele>505.86000000000007</ele>
   </trkpt>
   <trkpt lat="29.96995" lon="120.13928000000001">
    <ele>505.50000000000006</ele>
   </trkpt>
   <trkpt lat="29.969960000000004" lon="120.13944000000001">
    <ele>505.50000000000006</ele>
   </trkpt>
   <trkpt lat="29.970000000000002" lon="120.13951000000002">
    <ele>505.34</ele>
   </trkpt>
   <trkpt lat="29.970280000000002" lon="120.13983">
    <ele>504.06000000000006</ele>
   </trkpt>
   <trkpt lat="29.970750000000002" lon="120.14054000000002">
    <ele>502.04</ele>
   </trkpt>
   <trkpt lat="29.970810000000004" lon="120.14075000000001">
    <ele>501.48</ele>
   </trkpt>
   <trkpt lat="29.97087" lon="120.14086">
    <ele>500.57000000000005</ele>
   </trkpt>
   <trkpt lat="29.971130000000002" lon="120.14101000000001">
    <ele>499.89000000000004</ele>
   </trkpt>
   <trkpt lat="29.971370000000004" lon="120.14134000000001">
    <ele>499.59000000000003</ele>
   </trkpt>
   <trkpt lat="29.97164" lon="120.14155000000001">
    <ele>498.70000000000005</ele>
   </trkpt>
   <trkpt lat="29.971850000000003" lon="120.14183000000001">
    <ele>497.87</ele>
   </trkpt>
   <trkpt lat="29.972020000000004" lon="120.14196000000001">
    <ele>497.3</ele>
   </trkpt>
   <trkpt lat="29.972140000000003" lon="120.1423">
    <ele>496.61</ele>
   </trkpt>
   <trkpt lat="29.97228" lon="120.14253000000001">
    <ele>496.40000000000003</ele>
   </trkpt>
   <trkpt lat="29.972340000000003" lon="120.14268000000001">
    <ele>496.25</ele>
   </trkpt>
   <trkpt lat="29.972320000000003" lon="120.14277000000001">
    <ele>496.1700000000001</ele>
   </trkpt>
   <trkpt lat="29.97228" lon="120.14284">
    <ele>495.93</ele>
   </trkpt>
   <trkpt lat="29.972210000000004" lon="120.14287000000002">
    <ele>495.77000000000004</ele>
   </trkpt>
   <trkpt lat="29.971940000000004" lon="120.14290000000001">
    <ele>494.67</ele>
   </trkpt>
   <trkpt lat="29.97162" lon="120.14305000000002">
    <ele>493.39000000000004</ele>
   </trkpt>
   <trkpt lat="29.97153" lon="120.14306">
    <ele>493.05</ele>
   </trkpt>
   <trkpt lat="29.971290000000003" lon="120.14303000000001">
    <ele>491.36</ele>
   </trkpt>
   <trkpt lat="29.971090000000004" lon="120.14316000000001">
    <ele>490.71000000000004</ele>
   </trkpt>
   <trkpt lat="29.971040000000002" lon="120.14316000000001">
    <ele>490.71000000000004</ele>
   </trkpt>
   <trkpt lat="29.970920000000003" lon="120.14312000000001">
    <ele>489.33000000000004</ele>
   </trkpt>
   <trkpt lat="29.970850000000002" lon="120.14312000000001">
    <ele>489.33000000000004</ele>
   </trkpt>
   <trkpt lat="29.970800000000004" lon="120.14315">
    <ele>489.33000000000004</ele>
   </trkpt>
   <trkpt lat="29.97069" lon="120.14327000000002">
    <ele>488.89000000000004</ele>
   </trkpt>
   <trkpt lat="29.97059" lon="120.14333">
    <ele>488.89000000000004</ele>
   </trkpt>
   <trkpt lat="29.97042" lon="120.14331000000001">
    <ele>488.22</ele>
   </trkpt>
   <trkpt lat="29.970160000000003" lon="120.14312000000001">
    <ele>486.51000000000005</ele>
   </trkpt>
   <trkpt lat="29.969880000000003" lon="120.14315">
    <ele>485.21000000000004</ele>
   </trkpt>
   <trkpt lat="29.969640000000002" lon="120.14307000000001">
    <ele>484.09000000000003</ele>
   </trkpt>
   <trkpt lat="29.969580000000004" lon="120.14308000000001">
    <ele>483.11</ele>
   </trkpt>
   <trkpt lat="29.96946" lon="120.14320000000001">
    <ele>483.11</ele>
   </trkpt>
   <trkpt lat="29.96936" lon="120.14326000000001">
    <ele>481.97</ele>
   </trkpt>
   <trkpt lat="29.96927" lon="120.14328">
    <ele>481.97</ele>
   </trkpt>
   <trkpt lat="29.96919" lon="120.14327000000002">
    <ele>481.55</ele>
   </trkpt>
   <trkpt lat="29.969040000000003" lon="120.14320000000001">
    <ele>481.05</ele>
   </trkpt>
   <trkpt lat="29.968960000000003" lon="120.14319">
    <ele>480.18000000000006</ele>
   </trkpt>
   <trkpt lat="29.968890000000002" lon="120.14320000000001">
    <ele>479.5</ele>
   </trkpt>
   <trkpt lat="29.96873" lon="120.14332">
    <ele>478.0</ele>
   </trkpt>
   <trkpt lat="29.968650000000004" lon="120.14336000000002">
    <ele>477.34000000000003</ele>
   </trkpt>
   <trkpt lat="29.968590000000003" lon="120.14337">
    <ele>477.05</ele>
   </trkpt>
   <trkpt lat="29.96844" lon="120.14333">
    <ele>476.78000000000003</ele>
   </trkpt>
   <trkpt lat="29.96824" lon="120.14332">
    <ele>475.28000000000003</ele>
   </trkpt>
   <trkpt lat="29.96815" lon="120.14335000000001">
    <ele>474.34000000000003</ele>
   </trkpt>
   <trkpt lat="29.967930000000003" lon="120.14348000000001">
    <ele>473.32</ele>
   </trkpt>
   <trkpt lat="29.96786" lon="120.14349000000001">
    <ele>472.13000000000005</ele>
   </trkpt>
   <trkpt lat="29.967560000000002" lon="120.14339000000001">
    <ele>470.49</ele>
   </trkpt>
   <trkpt lat="29.96741" lon="120.14339000000001">
    <ele>470.49</ele>
   </trkpt>
   <trkpt lat="29.96722" lon="120.14349000000001">
    <ele>468.70000000000005</ele>
   </trkpt>
   <trkpt lat="29.967140000000004" lon="120.14351">
    <ele>468.70000000000005</ele>
   </trkpt>
   <trkpt lat="29.96685" lon="120.14349000000001">
    <ele>466.49</ele>
   </trkpt>
   <trkpt lat="29.966390000000004" lon="120.14352000000001">
    <ele>465.28000000000003</ele>
   </trkpt>
   <trkpt lat="29.966320000000003" lon="120.14358000000001">
    <ele>464.94</ele>
   </trkpt>
   <trkpt lat="29.966110000000004" lon="120.14389000000001">
    <ele>464.01000000000005</ele>
   </trkpt>
   <trkpt lat="29.966040000000003" lon="120.14395">
    <ele>463.76000000000005</ele>
   </trkpt>
   <trkpt lat="29.96581" lon="120.14404">
    <ele>462.57000000000005</ele>
   </trkpt>
   <trkpt lat="29.965770000000003" lon="120.14410000000001">
    <ele>462.0</ele>
   </trkpt>
   <trkpt lat="29.965770000000003" lon="120.14444">
    <ele>459.35</ele>
   </trkpt>
   <trkpt lat="29.965740000000004" lon="120.14468000000001">
    <ele>459.35</ele>
   </trkpt>
   <trkpt lat="29.965920000000004" lon="120.14521">
    <ele>455.35</ele>
   </trkpt>
   <trkpt lat="29.965920000000004" lon="120.14553000000001">
    <ele>454.46000000000004</ele>
   </trkpt>
   <trkpt lat="29.965960000000003" lon="120.1457">
    <ele>453.31000000000006</ele>
   </trkpt>
   <trkpt lat="29.966120000000004" lon="120.14586000000001">
    <ele>451.71000000000004</ele>
   </trkpt>
   <trkpt lat="29.96617" lon="120.14588">
    <ele>450.75000000000006</ele>
   </trkpt>
   <trkpt lat="29.966230000000003" lon="120.14588">
    <ele>449.70000000000005</ele>
   </trkpt>
   <trkpt lat="29.96647" lon="120.14578000000002">
    <ele>447.08000000000004</ele>
   </trkpt>
   <trkpt lat="29.966690000000003" lon="120.14573000000001">
    <ele>445.06</ele>
   </trkpt>
   <trkpt lat="29.967260000000003" lon="120.14553000000001">
    <ele>442.77000000000004</ele>
   </trkpt>
   <trkpt lat="29.967330000000004" lon="120.14554000000001">
    <ele>442.43000000000006</ele>
   </trkpt>
   <trkpt lat="29.967370000000003" lon="120.14557">
    <ele>442.18</ele>
   </trkpt>
   <trkpt lat="29.96739" lon="120.14562000000001">
    <ele>441.86</ele>
   </trkpt>
   <trkpt lat="29.967380000000002" lon="120.14569000000002">
    <ele>441.46000000000004</ele>
   </trkpt>
   <trkpt lat="29.967200000000002" lon="120.14617000000001">
    <ele>436.95000000000005</ele>
   </trkpt>
   <trkpt lat="29.96702" lon="120.14639000000001">
    <ele>434.88000000000005</ele>
   </trkpt>
   <trkpt lat="29.96685" lon="120.14683000000001">
    <ele>432.38000000000005</ele>
   </trkpt>
   <trkpt lat="29.966780000000004" lon="120.14693000000001">
    <ele>431.98</ele>
   </trkpt>
   <trkpt lat="29.966510000000003" lon="120.14717000000002">
    <ele>430.72</ele>
   </trkpt>
   <trkpt lat="29.966480000000004" lon="120.14735">
    <ele>430.02</ele>
   </trkpt>
   <trkpt lat="29.966490000000004" lon="120.14742000000001">
    <ele>429.64</ele>
   </trkpt>
   <trkpt lat="29.966610000000003" lon="120.14760000000001">
    <ele>427.94000000000005</ele>
   </trkpt>
   <trkpt lat="29.966690000000003" lon="120.14769000000001">
    <ele>426.65000000000003</ele>
   </trkpt>
   <trkpt lat="29.966780000000004" lon="120.14773000000001">
    <ele>426.65000000000003</ele>
   </trkpt>
   <trkpt lat="29.966950000000004" lon="120.14776">
    <ele>423.79</ele>
   </trkpt>
   <trkpt lat="29.967270000000003" lon="120.14773000000001">
    <ele>421.25</ele>
   </trkpt>
   <trkpt lat="29.967420000000004" lon="120.14770000000001">
    <ele>419.90000000000003</ele>
   </trkpt>
   <trkpt lat="29.967530000000004" lon="120.14771">
    <ele>419.90000000000003</ele>
   </trkpt>
   <trkpt lat="29.96777" lon="120.14781">
    <ele>418.03000000000003</ele>
   </trkpt>
   <trkpt lat="29.96806" lon="120.14801000000001">
    <ele>415.99</ele>
   </trkpt>
   <trkpt lat="29.968120000000003" lon="120.14803">
    <ele>415.35</ele>
   </trkpt>
   <trkpt lat="29.968200000000003" lon="120.14801000000001">
    <ele>415.35</ele>
   </trkpt>
   <trkpt lat="29.968390000000003" lon="120.14786000000001">
    <ele>413.66</ele>
   </trkpt>
   <trkpt lat="29.968460000000004" lon="120.14786000000001">
    <ele>412.01000000000005</ele>
   </trkpt>
   <trkpt lat="29.96861" lon="120.14792000000001">
    <ele>410.98</ele>
   </trkpt>
   <trkpt lat="29.968690000000002" lon="120.1479">
    <ele>410.98</ele>
   </trkpt>
   <trkpt lat="29.968840000000004" lon="120.1478">
    <ele>409.11</ele>
   </trkpt>
   <trkpt lat="29.96891" lon="120.14779000000001">
    <ele>408.25000000000006</ele>
   </trkpt>
   <trkpt lat="29.968960000000003" lon="120.14781">
    <ele>408.25000000000006</ele>
   </trkpt>
   <trkpt lat="29.969" lon="120.14785">
    <ele>407.76</ele>
   </trkpt>
   <trkpt lat="29.969310000000004" lon="120.14827000000001">
    <ele>402.46000000000004</ele>
   </trkpt>
   <trkpt lat="29.969390000000004" lon="120.14831000000001">
    <ele>401.84000000000003</ele>
   </trkpt>
   <trkpt lat="29.96946" lon="120.14832000000001">
    <ele>400.96000000000004</ele>
   </trkpt>
   <trkpt lat="29.969530000000002" lon="120.1483">
    <ele>400.96000000000004</ele>
   </trkpt>
   <trkpt lat="29.96967" lon="120.1482">
    <ele>399.94</ele>
   </trkpt>
   <trkpt lat="29.969800000000003" lon="120.14815000000002">
    <ele>399.0</ele>
   </trkpt>
   <trkpt lat="29.969900000000003" lon="120.14800000000001">
    <ele>397.68</ele>
   </trkpt>
   <trkpt lat="29.969980000000003" lon="120.14793000000002">
    <ele>397.05</ele>
   </trkpt>
   <trkpt lat="29.970060000000004" lon="120.14793000000002">
    <ele>396.23</ele>
   </trkpt>
   <trkpt lat="29.970150000000004" lon="120.14800000000001">
    <ele>395.77</ele>
   </trkpt>
   <trkpt lat="29.970240000000004" lon="120.14812">
    <ele>391.95</ele>
   </trkpt>
   <trkpt lat="29.970380000000002" lon="120.14859000000001">
    <ele>389.3</ele>
   </trkpt>
   <trkpt lat="29.970440000000004" lon="120.14865">
    <ele>388.49000000000007</ele>
   </trkpt>
   <trkpt lat="29.9705" lon="120.14869000000002">
    <ele>388.49000000000007</ele>
   </trkpt>
   <trkpt lat="29.97059" lon="120.1487">
    <ele>387.36</ele>
   </trkpt>
   <trkpt lat="29.970750000000002" lon="120.14868000000001">
    <ele>386.08000000000004</ele>
   </trkpt>
   <trkpt lat="29.970990000000004" lon="120.14861">
    <ele>384.96000000000004</ele>
   </trkpt>
   <trkpt lat="29.97106" lon="120.14862000000001">
    <ele>384.78000000000003</ele>
   </trkpt>
   <trkpt lat="29.971110000000003" lon="120.14872000000001">
    <ele>384.33</ele>
   </trkpt>
   <trkpt lat="29.971120000000003" lon="120.14912000000001">
    <ele>382.77000000000004</ele>
   </trkpt>
   <trkpt lat="29.971030000000003" lon="120.14942">
    <ele>381.77000000000004</ele>
   </trkpt>
   <trkpt lat="29.971030000000003" lon="120.14947000000001">
    <ele>381.58000000000004</ele>
   </trkpt>
   <trkpt lat="29.971370000000004" lon="120.14991">
    <ele>379.02000000000004</ele>
   </trkpt>
   <trkpt lat="29.97144" lon="120.15007000000001">
    <ele>378.33000000000004</ele>
   </trkpt>
   <trkpt lat="29.971420000000002" lon="120.15019000000001">
    <ele>377.92</ele>
   </trkpt>
   <trkpt lat="29.97134" lon="120.15026">
    <ele>377.42</ele>
   </trkpt>
   <trkpt lat="29.97098" lon="120.15035">
    <ele>375.65000000000003</ele>
   </trkpt>
   <trkpt lat="29.97079" lon="120.15046000000001">
    <ele>374.02000000000004</ele>
   </trkpt>
   <trkpt lat="29.97079" lon="120.15055000000001">
    <ele>373.69</ele>
   </trkpt>
   <trkpt lat="29.970850000000002" lon="120.15061000000001">
    <ele>372.6</ele>
   </trkpt>
   <trkpt lat="29.971290000000003" lon="120.15059000000001">
    <ele>370.29</ele>
   </trkpt>
   <trkpt lat="29.971550000000004" lon="120.15066000000002">
    <ele>369.65000000000003</ele>
   </trkpt>
   <trkpt lat="29.971670000000003" lon="120.15064000000001">
    <ele>369.14000000000004</ele>
   </trkpt>
   <trkpt lat="29.971840000000004" lon="120.15053">
    <ele>368.45000000000005</ele>
   </trkpt>
   <trkpt lat="29.97199" lon="120.15021000000002">
    <ele>366.05</ele>
   </trkpt>
   <trkpt lat="29.97228" lon="120.15007000000001">
    <ele>363.66</ele>
   </trkpt>
   <trkpt lat="29.97265" lon="120.14985000000001">
    <ele>361.2</ele>
   </trkpt>
   <trkpt lat="29.97276" lon="120.14985000000001">
    <ele>360.62000000000006</ele>
   </trkpt>
   <trkpt lat="29.972800000000003" lon="120.14988000000001">
    <ele>359.94000000000005</ele>
   </trkpt>
   <trkpt lat="29.97286" lon="120.14998000000001">
    <ele>359.21000000000004</ele>
   </trkpt>
   <trkpt lat="29.972960000000004" lon="120.15024000000001">
    <ele>357.27000000000004</ele>
   </trkpt>
   <trkpt lat="29.973070000000003" lon="120.15046000000001">
    <ele>355.40000000000003</ele>
   </trkpt>
   <trkpt lat="29.973080000000003" lon="120.15060000000001">
    <ele>354.08</ele>
   </trkpt>
   <trkpt lat="29.97285" lon="120.15097000000002">
    <ele>347.37</ele>
   </trkpt>
   <trkpt lat="29.97276" lon="120.15136000000001">
    <ele>343.96000000000004</ele>
   </trkpt>
   <trkpt lat="29.97274" lon="120.15184">
    <ele>340.56</ele>
   </trkpt>
   <trkpt lat="29.972700000000003" lon="120.15194000000001">
    <ele>339.41</ele>
   </trkpt>
   <trkpt lat="29.972450000000002" lon="120.15219">
    <ele>335.93</ele>
   </trkpt>
   <trkpt lat="29.97239" lon="120.15231000000001">
    <ele>335.44</ele>
   </trkpt>
   <trkpt lat="29.97239" lon="120.15238000000001">
    <ele>335.44</ele>
   </trkpt>
   <trkpt lat="29.972410000000004" lon="120.15243000000001">
    <ele>333.88</ele>
   </trkpt>
   <trkpt lat="29.972550000000002" lon="120.15259">
    <ele>332.01000000000005</ele>
   </trkpt>
   <trkpt lat="29.972800000000003" lon="120.15277">
    <ele>330.55</ele>
   </trkpt>
   <trkpt lat="29.972890000000003" lon="120.15289000000001">
    <ele>329.54</ele>
   </trkpt>
   <trkpt lat="29.972900000000003" lon="120.15301000000001">
    <ele>328.92</ele>
   </trkpt>
   <trkpt lat="29.97286" lon="120.15307000000001">
    <ele>328.52000000000004</ele>
   </trkpt>
   <trkpt lat="29.972790000000003" lon="120.15313">
    <ele>327.07</ele>
   </trkpt>
   <trkpt lat="29.972540000000002" lon="120.15325000000001">
    <ele>324.52000000000004</ele>
   </trkpt>
   <trkpt lat="29.972350000000002" lon="120.15330000000002">
    <ele>322.55</ele>
   </trkpt>
   <trkpt lat="29.97172" lon="120.15359000000001">
    <ele>318.03000000000003</ele>
   </trkpt>
   <trkpt lat="29.971690000000002" lon="120.15368000000001">
    <ele>317.01</ele>
   </trkpt>
   <trkpt lat="29.97171" lon="120.15377000000001">
    <ele>315.86</ele>
   </trkpt>
   <trkpt lat="29.971780000000003" lon="120.15391000000001">
    <ele>315.86</ele>
   </trkpt>
   <trkpt lat="29.971980000000002" lon="120.15401000000001">
    <ele>310.59000000000003</ele>
   </trkpt>
   <trkpt lat="29.972060000000003" lon="120.15403">
    <ele>310.59000000000003</ele>
   </trkpt>
   <trkpt lat="29.972160000000002" lon="120.15403">
    <ele>309.54</ele>
   </trkpt>
   <trkpt lat="29.972330000000003" lon="120.15397000000002">
    <ele>307.58000000000004</ele>
   </trkpt>
   <trkpt lat="29.972420000000003" lon="120.15397000000002">
    <ele>307.58000000000004</ele>
   </trkpt>
   <trkpt lat="29.972600000000003" lon="120.15401000000001">
    <ele>304.56</ele>
   </trkpt>
   <trkpt lat="29.97294" lon="120.15401000000001">
    <ele>301.25</ele>
   </trkpt>
   <trkpt lat="29.973010000000002" lon="120.15403">
    <ele>300.91</ele>
   </trkpt>
   <trkpt lat="29.973370000000003" lon="120.15423000000001">
    <ele>298.85</ele>
   </trkpt>
   <trkpt lat="29.973450000000003" lon="120.1543">
    <ele>298.68</ele>
   </trkpt>
   <trkpt lat="29.973570000000002" lon="120.15446000000001">
    <ele>298.31</ele>
   </trkpt>
   <trkpt lat="29.973620000000004" lon="120.15449000000001">
    <ele>298.31</ele>
   </trkpt>
   <trkpt lat="29.973660000000002" lon="120.15449000000001">
    <ele>298.31</ele>
   </trkpt>
   <trkpt lat="29.973910000000004" lon="120.15439">
    <ele>297.88000000000005</ele>
   </trkpt>
   <trkpt lat="29.974050000000002" lon="120.15438">
    <ele>297.49</ele>
   </trkpt>
   <trkpt lat="29.974100000000004" lon="120.15435000000001">
    <ele>297.29</ele>
   </trkpt>
   <trkpt lat="29.97454" lon="120.15373000000001">
    <ele>293.87</ele>
   </trkpt>
   <trkpt lat="29.974670000000003" lon="120.15338000000001">
    <ele>293.26</ele>
   </trkpt>
   <trkpt lat="29.974740000000004" lon="120.15330000000002">
    <ele>293.13</ele>
   </trkpt>
   <trkpt lat="29.97481" lon="120.15326">
    <ele>293.08</ele>
   </trkpt>
   <trkpt lat="29.974870000000003" lon="120.15326">
    <ele>292.88</ele>
   </trkpt>
   <trkpt lat="29.974940000000004" lon="120.15330000000002">
    <ele>292.58</ele>
   </trkpt>
   <trkpt lat="29.975020000000004" lon="120.1534">
    <ele>292.58</ele>
   </trkpt>
   <trkpt lat="29.9752" lon="120.1538">
    <ele>290.90999999999997</ele>
   </trkpt>
   <trkpt lat="29.97547" lon="120.15458000000001">
    <ele>288.71000000000004</ele>
   </trkpt>
   <trkpt lat="29.97558" lon="120.15475">
    <ele>288.51000000000005</ele>
   </trkpt>
   <trkpt lat="29.975600000000004" lon="120.15485000000001">
    <ele>288.26</ele>
   </trkpt>
   <trkpt lat="29.975620000000003" lon="120.15517000000001">
    <ele>287.5</ele>
   </trkpt>
   <trkpt lat="29.97566" lon="120.15527000000002">
    <ele>286.58</ele>
   </trkpt>
   <trkpt lat="29.975790000000003" lon="120.15539000000001">
    <ele>285.37</ele>
   </trkpt>
   <trkpt lat="29.97605" lon="120.15557000000001">
    <ele>284.45000000000005</ele>
   </trkpt>
   <trkpt lat="29.976060000000004" lon="120.15557000000001">
    <ele>284.45000000000005</ele>
   </trkpt>
   <trkpt lat="29.976360000000003" lon="120.15515">
    <ele>280.19000000000005</ele>
   </trkpt>
   <trkpt lat="29.9766" lon="120.15464000000001">
    <ele>275.67</ele>
   </trkpt>
   <trkpt lat="29.9767" lon="120.15450000000001">
    <ele>274.73</ele>
   </trkpt>
   <trkpt lat="29.976770000000002" lon="120.15414000000001">
    <ele>273.48</ele>
   </trkpt>
   <trkpt lat="29.976810000000004" lon="120.15405000000001">
    <ele>273.15</ele>
   </trkpt>
   <trkpt lat="29.976950000000002" lon="120.15388000000002">
    <ele>272.46000000000004</ele>
   </trkpt>
   <trkpt lat="29.976940000000003" lon="120.15353">
    <ele>270.31</ele>
   </trkpt>
   <trkpt lat="29.97697" lon="120.1534">
    <ele>270.31</ele>
   </trkpt>
   <trkpt lat="29.977040000000002" lon="120.15328000000001">
    <ele>269.45000000000005</ele>
   </trkpt>
   <trkpt lat="29.977300000000003" lon="120.15319000000001">
    <ele>267.13000000000005</ele>
   </trkpt>
   <trkpt lat="29.977370000000004" lon="120.15314000000001">
    <ele>265.79</ele>
   </trkpt>
   <trkpt lat="29.977430000000002" lon="120.15305000000001">
    <ele>265.79</ele>
   </trkpt>
   <trkpt lat="29.97745" lon="120.15294000000002">
    <ele>263.89</ele>
   </trkpt>
   <trkpt lat="29.97736" lon="120.15270000000001">
    <ele>261.90000000000003</ele>
   </trkpt>
   <trkpt lat="29.97736" lon="120.15258000000001">
    <ele>261.90000000000003</ele>
   </trkpt>
   <trkpt lat="29.97744" lon="120.15226000000001">
    <ele>256.64000000000004</ele>
   </trkpt>
   <trkpt lat="29.977430000000002" lon="120.15214">
    <ele>256.19</ele>
   </trkpt>
   <trkpt lat="29.97727" lon="120.15180000000001">
    <ele>254.25000000000003</ele>
   </trkpt>
   <trkpt lat="29.97727" lon="120.15169000000002">
    <ele>251.92000000000002</ele>
   </trkpt>
   <trkpt lat="29.977320000000002" lon="120.15158000000001">
    <ele>251.60000000000005</ele>
   </trkpt>
   <trkpt lat="29.977470000000004" lon="120.15138">
    <ele>250.44</ele>
   </trkpt>
   <trkpt lat="29.97754" lon="120.15119000000001">
    <ele>249.85000000000002</ele>
   </trkpt>
   <trkpt lat="29.977750000000004" lon="120.15082000000001">
    <ele>248.88000000000002</ele>
   </trkpt>
   <trkpt lat="29.9779" lon="120.15075000000002">
    <ele>247.91000000000003</ele>
   </trkpt>
   <trkpt lat="29.977960000000003" lon="120.15078000000001">
    <ele>247.57</ele>
   </trkpt>
   <trkpt lat="29.978220000000004" lon="120.15118000000001">
    <ele>242.52</ele>
   </trkpt>
   <trkpt lat="29.978590000000004" lon="120.15152">
    <ele>239.5</ele>
   </trkpt>
   <trkpt lat="29.978810000000003" lon="120.15185000000001">
    <ele>237.75</ele>
   </trkpt>
   <trkpt lat="29.97896" lon="120.15192">
    <ele>237.22</ele>
   </trkpt>
   <trkpt lat="29.979200000000002" lon="120.15185000000001">
    <ele>235.11</ele>
   </trkpt>
   <trkpt lat="29.979250000000004" lon="120.15185000000001">
    <ele>235.11</ele>
   </trkpt>
   <trkpt lat="29.979460000000003" lon="120.15205000000002">
    <ele>233.54000000000002</ele>
   </trkpt>
   <trkpt lat="29.979540000000004" lon="120.1521">
    <ele>232.11</ele>
   </trkpt>
   <trkpt lat="29.9798" lon="120.15218000000002">
    <ele>229.34</ele>
   </trkpt>
   <trkpt lat="29.979920000000003" lon="120.15232">
    <ele>228.59</ele>
   </trkpt>
   <trkpt lat="29.980040000000002" lon="120.15240000000001">
    <ele>227.64000000000001</ele>
   </trkpt>
   <trkpt lat="29.980130000000003" lon="120.15243000000001">
    <ele>227.11</ele>
   </trkpt>
   <trkpt lat="29.980290000000004" lon="120.15245000000002">
    <ele>226.47000000000003</ele>
   </trkpt>
   <trkpt lat="29.980500000000003" lon="120.15239000000001">
    <ele>225.57000000000002</ele>
   </trkpt>
   <trkpt lat="29.980570000000004" lon="120.15231000000001">
    <ele>225.11</ele>
   </trkpt>
   <trkpt lat="29.980600000000003" lon="120.15207000000001">
    <ele>223.60000000000002</ele>
   </trkpt>
   <trkpt lat="29.980560000000004" lon="120.15182000000001">
    <ele>223.06</ele>
   </trkpt>
   <trkpt lat="29.980510000000002" lon="120.15166">
    <ele>222.98000000000002</ele>
   </trkpt>
   <trkpt lat="29.980520000000002" lon="120.15153000000001">
    <ele>223.11</ele>
   </trkpt>
   <trkpt lat="29.980560000000004" lon="120.15146000000001">
    <ele>223.11</ele>
   </trkpt>
   <trkpt lat="29.98093" lon="120.15132000000001">
    <ele>222.92000000000002</ele>
   </trkpt>
   <trkpt lat="29.981" lon="120.15133000000002">
    <ele>222.92000000000002</ele>
   </trkpt>
   <trkpt lat="29.981170000000002" lon="120.15144000000001">
    <ele>221.45000000000002</ele>
   </trkpt>
   <trkpt lat="29.981220000000004" lon="120.15151000000002">
    <ele>221.12</ele>
   </trkpt>
   <trkpt lat="29.981270000000002" lon="120.15166">
    <ele>219.87</ele>
   </trkpt>
   <trkpt lat="29.981320000000004" lon="120.15174">
    <ele>218.77</ele>
   </trkpt>
   <trkpt lat="29.98138" lon="120.15180000000001">
    <ele>216.96</ele>
   </trkpt>
   <trkpt lat="29.981590000000004" lon="120.15192">
    <ele>214.66000000000003</ele>
   </trkpt>
   <trkpt lat="29.98187" lon="120.15232">
    <ele>210.82</ele>
   </trkpt>
   <trkpt lat="29.98224" lon="120.15267000000001">
    <ele>203.28</ele>
   </trkpt>
   <trkpt lat="29.982480000000002" lon="120.15279000000001">
    <ele>200.76000000000002</ele>
   </trkpt>
   <trkpt lat="29.982560000000003" lon="120.15285000000002">
    <ele>200.03</ele>
   </trkpt>
   <trkpt lat="29.982660000000003" lon="120.15296000000001">
    <ele>198.3</ele>
   </trkpt>
   <trkpt lat="29.982770000000002" lon="120.15298000000001">
    <ele>197.65</ele>
   </trkpt>
   <trkpt lat="29.983020000000003" lon="120.15283000000001">
    <ele>196.56</ele>
   </trkpt>
   <trkpt lat="29.983190000000004" lon="120.15284000000001">
    <ele>196.18</ele>
   </trkpt>
   <trkpt lat="29.98346" lon="120.15292000000001">
    <ele>195.89000000000001</ele>
   </trkpt>
   <trkpt lat="29.98364" lon="120.15306000000001">
    <ele>195.96</ele>
   </trkpt>
   <trkpt lat="29.983960000000003" lon="120.15353">
    <ele>196.15</ele>
   </trkpt>
   <trkpt lat="29.98401" lon="120.15358">
    <ele>195.97</ele>
   </trkpt>
   <trkpt lat="29.984070000000003" lon="120.15357000000002">
    <ele>195.38000000000002</ele>
   </trkpt>
   <trkpt lat="29.9841" lon="120.15354">
    <ele>194.95000000000002</ele>
   </trkpt>
   <trkpt lat="29.98411" lon="120.15345">
    <ele>194.46</ele>
   </trkpt>
   <trkpt lat="29.984060000000003" lon="120.15337000000001">
    <ele>193.9</ele>
   </trkpt>
   <trkpt lat="29.983860000000004" lon="120.15314000000001">
    <ele>189.79000000000002</ele>
   </trkpt>
   <trkpt lat="29.983790000000003" lon="120.15298000000001">
    <ele>187.66000000000003</ele>
   </trkpt>
   <trkpt lat="29.983780000000003" lon="120.15282">
    <ele>186.27</ele>
   </trkpt>
   <trkpt lat="29.983810000000002" lon="120.15276000000001">
    <ele>186.27</ele>
   </trkpt>
   <trkpt lat="29.984090000000002" lon="120.15261000000001">
    <ele>184.21</ele>
   </trkpt>
   <trkpt lat="29.984170000000002" lon="120.15255">
    <ele>183.99</ele>
   </trkpt>
   <trkpt lat="29.984340000000003" lon="120.15235000000001">
    <ele>183.25000000000003</ele>
   </trkpt>
   <trkpt lat="29.98439" lon="120.15232">
    <ele>183.25000000000003</ele>
   </trkpt>
   <trkpt lat="29.984600000000004" lon="120.15228">
    <ele>182.42000000000002</ele>
   </trkpt>
   <trkpt lat="29.985270000000003" lon="120.15182000000001">
    <ele>179.49</ele>
   </trkpt>
   <trkpt lat="29.985370000000003" lon="120.15171000000001">
    <ele>178.93</ele>
   </trkpt>
   <trkpt lat="29.98541" lon="120.15141000000001">
    <ele>177.24</ele>
   </trkpt>
   <trkpt lat="29.985500000000002" lon="120.15126000000001">
    <ele>176.05</ele>
   </trkpt>
   <trkpt lat="29.985950000000003" lon="120.15088000000002">
    <ele>170.87</ele>
   </trkpt>
   <trkpt lat="29.986040000000003" lon="120.15085">
    <ele>170.35</ele>
   </trkpt>
   <trkpt lat="29.986610000000002" lon="120.15076">
    <ele>169.26000000000002</ele>
   </trkpt>
   <trkpt lat="29.986710000000002" lon="120.15065000000001">
    <ele>169.26000000000002</ele>
   </trkpt>
   <trkpt lat="29.986800000000002" lon="120.15047000000001">
    <ele>169.34</ele>
   </trkpt>
   <trkpt lat="29.986950000000004" lon="120.15031">
    <ele>169.51000000000002</ele>
   </trkpt>
   <trkpt lat="29.98702" lon="120.15022">
    <ele>169.54000000000002</ele>
   </trkpt>
   <trkpt lat="29.987040000000004" lon="120.15008000000002">
    <ele>169.46000000000004</ele>
   </trkpt>
   <trkpt lat="29.98692" lon="120.14973">
    <ele>169.09</ele>
   </trkpt>
   <trkpt lat="29.98692" lon="120.14956000000001">
    <ele>168.45000000000002</ele>
   </trkpt>
   <trkpt lat="29.986970000000003" lon="120.14942">
    <ele>167.74</ele>
   </trkpt>
   <trkpt lat="29.987040000000004" lon="120.14934000000001">
    <ele>167.07000000000002</ele>
   </trkpt>
   <trkpt lat="29.98711" lon="120.14929000000001">
    <ele>166.66</ele>
   </trkpt>
   <trkpt lat="29.987460000000002" lon="120.14923">
    <ele>162.43</ele>
   </trkpt>
   <trkpt lat="29.987750000000002" lon="120.14927000000002">
    <ele>158.91000000000003</ele>
   </trkpt>
   <trkpt lat="29.987910000000003" lon="120.14926000000001">
    <ele>157.01000000000002</ele>
   </trkpt>
   <trkpt lat="29.988180000000003" lon="120.14918000000002">
    <ele>154.8</ele>
   </trkpt>
   <trkpt lat="29.988624999965282" lon="120.14909500039282">
    <ele>150.73</ele>
   </trkpt>
   <trkpt lat="29.98907" lon="120.14901">
    <ele>147.4</ele>
   </trkpt>
   <trkpt lat="29.989220000000003" lon="120.14894000000001">
    <ele>146.43</ele>
   </trkpt>
   <trkpt lat="29.989420000000003" lon="120.14881000000001">
    <ele>145.48</ele>
   </trkpt>
   <trkpt lat="29.989580000000004" lon="120.14863000000001">
    <ele>145.31000000000003</ele>
   </trkpt>
   <trkpt lat="29.989670000000004" lon="120.14857">
    <ele>145.29</ele>
   </trkpt>
   <trkpt lat="29.989770000000004" lon="120.14857">
    <ele>145.19</ele>
   </trkpt>
   <trkpt lat="29.989860000000004" lon="120.14860000000002">
    <ele>144.95000000000002</ele>
   </trkpt>
   <trkpt lat="29.9901" lon="120.14872000000001">
    <ele>143.23000000000002</ele>
   </trkpt>
   <trkpt lat="29.990190000000002" lon="120.14873000000001">
    <ele>142.79</ele>
   </trkpt>
   <trkpt lat="29.990270000000002" lon="120.14871000000001">
    <ele>140.82</ele>
   </trkpt>
   <trkpt lat="29.990340000000003" lon="120.14867000000001">
    <ele>140.38</ele>
   </trkpt>
   <trkpt lat="29.99039" lon="120.14861">
    <ele>139.98000000000002</ele>
   </trkpt>
   <trkpt lat="29.9905" lon="120.14831000000001">
    <ele>138.06</ele>
   </trkpt>
   <trkpt lat="29.990540000000003" lon="120.14825">
    <ele>138.06</ele>
   </trkpt>
   <trkpt lat="29.990790000000004" lon="120.14803">
    <ele>136.16</ele>
   </trkpt>
   <trkpt lat="29.99087" lon="120.14798">
    <ele>134.28</ele>
   </trkpt>
   <trkpt lat="29.991100000000003" lon="120.14791000000001">
    <ele>132.61</ele>
   </trkpt>
   <trkpt lat="29.99123" lon="120.14792000000001">
    <ele>131.63</ele>
   </trkpt>
   <trkpt lat="29.991730000000004" lon="120.14825">
    <ele>127.04</ele>
   </trkpt>
   <trkpt lat="29.991850000000003" lon="120.14824000000002">
    <ele>126.60000000000001</ele>
   </trkpt>
   <trkpt lat="29.991920000000004" lon="120.14819000000001">
    <ele>126.33</ele>
   </trkpt>
   <trkpt lat="29.992120000000003" lon="120.14798">
    <ele>125.97</ele>
   </trkpt>
   <trkpt lat="29.99226" lon="120.14794">
    <ele>126.06</ele>
   </trkpt>
   <trkpt lat="29.992520000000003" lon="120.14797000000002">
    <ele>126.32000000000001</ele>
   </trkpt>
   <trkpt lat="29.992570000000004" lon="120.14799000000001">
    <ele>126.30000000000003</ele>
   </trkpt>
   <trkpt lat="29.992700000000003" lon="120.14817000000001">
    <ele>125.84</ele>
   </trkpt>
   <trkpt lat="29.992760000000004" lon="120.14822000000001">
    <ele>125.39</ele>
   </trkpt>
   <trkpt lat="29.99283" lon="120.14824000000002">
    <ele>124.59</ele>
   </trkpt>
   <trkpt lat="29.992900000000002" lon="120.14823000000001">
    <ele>124.59</ele>
   </trkpt>
   <trkpt lat="29.992990000000002" lon="120.14814000000001">
    <ele>123.9</ele>
   </trkpt>
   <trkpt lat="29.99303" lon="120.14798">
    <ele>123.00000000000001</ele>
   </trkpt>
   <trkpt lat="29.992990000000002" lon="120.14782000000001">
    <ele>122.51</ele>
   </trkpt>
   <trkpt lat="29.992950000000004" lon="120.14775000000002">
    <ele>121.70000000000002</ele>
   </trkpt>
   <trkpt lat="29.992290000000004" lon="120.14743000000001">
    <ele>117.86</ele>
   </trkpt>
   <trkpt lat="29.992130000000003" lon="120.1474">
    <ele>117.43</ele>
   </trkpt>
   <trkpt lat="29.992070000000002" lon="120.14743000000001">
    <ele>116.98000000000002</ele>
   </trkpt>
   <trkpt lat="29.992020000000004" lon="120.14747000000001">
    <ele>116.58</ele>
   </trkpt>
   <trkpt lat="29.991860000000003" lon="120.14774000000001">
    <ele>115.81</ele>
   </trkpt>
   <trkpt lat="29.991740000000004" lon="120.14778000000001">
    <ele>115.35000000000001</ele>
   </trkpt>
   <trkpt lat="29.991680000000002" lon="120.14776">
    <ele>115.21000000000001</ele>
   </trkpt>
   <trkpt lat="29.991560000000003" lon="120.14768000000001">
    <ele>114.71000000000001</ele>
   </trkpt>
   <trkpt lat="29.99132" lon="120.14741000000001">
    <ele>112.58000000000001</ele>
   </trkpt>
   <trkpt lat="29.990920000000003" lon="120.14719000000001">
    <ele>111.28</ele>
   </trkpt>
   <trkpt lat="29.990720000000003" lon="120.14704">
    <ele>111.26</ele>
   </trkpt>
   <trkpt lat="29.990610000000004" lon="120.14699000000002">
    <ele>111.51</ele>
   </trkpt>
   <trkpt lat="29.990150000000003" lon="120.14686">
    <ele>112.25</ele>
   </trkpt>
   <trkpt lat="29.98954" lon="120.14680000000001">
    <ele>109.99000000000001</ele>
   </trkpt>
   <trkpt lat="29.989220000000003" lon="120.14669">
    <ele>108.9</ele>
   </trkpt>
   <trkpt lat="29.989050000000002" lon="120.14658000000001">
    <ele>108.74</ele>
   </trkpt>
   <trkpt lat="29.988970000000002" lon="120.14648000000001">
    <ele>108.79</ele>
   </trkpt>
   <trkpt lat="29.988910000000004" lon="120.14637">
    <ele>108.79</ele>
   </trkpt>
   <trkpt lat="29.98889" lon="120.14627000000002">
    <ele>108.95</ele>
   </trkpt>
   <trkpt lat="29.988910000000004" lon="120.14619">
    <ele>108.97000000000001</ele>
   </trkpt>
   <trkpt lat="29.988950000000003" lon="120.14613000000001">
    <ele>108.97000000000001</ele>
   </trkpt>
   <trkpt lat="29.989030000000003" lon="120.14609000000002">
    <ele>108.91000000000001</ele>
   </trkpt>
   <trkpt lat="29.989010000000004" lon="120.1461">
    <ele>108.91000000000001</ele>
   </trkpt>
   <trkpt lat="29.98926" lon="120.14605000000002">
    <ele>108.78000000000002</ele>
   </trkpt>
   <trkpt lat="29.989935000026215" lon="120.14581500166129">
    <ele>107.82000000000001</ele>
   </trkpt>
   <trkpt lat="29.990610000000004" lon="120.14558000000001">
    <ele>99.9</ele>
   </trkpt>
   <trkpt lat="29.990750000000002" lon="120.14559000000001">
    <ele>98.67</ele>
   </trkpt>
   <trkpt lat="29.990990000000004" lon="120.14620000000001">
    <ele>89.14000000000001</ele>
   </trkpt>
   <trkpt lat="29.99105" lon="120.14630000000001">
    <ele>87.19</ele>
   </trkpt>
   <trkpt lat="29.991130000000002" lon="120.14639000000001">
    <ele>85.34000000000002</ele>
   </trkpt>
   <trkpt lat="29.991370000000003" lon="120.14647000000001">
    <ele>82.4</ele>
   </trkpt>
   <trkpt lat="29.9919" lon="120.14659">
    <ele>76.51</ele>
   </trkpt>
   <trkpt lat="29.992140000000003" lon="120.14661000000001">
    <ele>74.28000000000002</ele>
   </trkpt>
   <trkpt lat="29.99265" lon="120.14654000000002">
    <ele>70.82000000000001</ele>
   </trkpt>
   <trkpt lat="29.992890000000003" lon="120.14645000000002">
    <ele>69.25</ele>
   </trkpt>
   <trkpt lat="29.993040000000004" lon="120.14647000000001">
    <ele>68.73</ele>
   </trkpt>
   <trkpt lat="29.993750000000002" lon="120.14703000000002">
    <ele>64.30000000000001</ele>
   </trkpt>
   <trkpt lat="29.99387" lon="120.14707000000001">
    <ele>63.95</ele>
   </trkpt>
   <trkpt lat="29.994130000000002" lon="120.14707000000001">
    <ele>63.12000000000001</ele>
   </trkpt>
   <trkpt lat="29.994290000000003" lon="120.14712000000002">
    <ele>62.160000000000004</ele>
   </trkpt>
   <trkpt lat="29.99461" lon="120.14746000000001">
    <ele>60.29</ele>
   </trkpt>
   <trkpt lat="29.994950000000003" lon="120.14770000000001">
    <ele>59.160000000000004</ele>
   </trkpt>
   <trkpt lat="29.995160000000002" lon="120.14779000000001">
    <ele>58.7</ele>
   </trkpt>
   <trkpt lat="29.995340000000002" lon="120.14781">
    <ele>58.13000000000001</ele>
   </trkpt>
   <trkpt lat="29.99566" lon="120.14782000000001">
    <ele>56.34</ele>
   </trkpt>
   <trkpt lat="29.99643666701549" lon="120.14761333656082">
    <ele>53.78</ele>
   </trkpt>
   <trkpt lat="29.99721333370822" lon="120.14740666988726">
    <ele>51.13</ele>
   </trkpt>
   <trkpt lat="29.99799" lon="120.14720000000001">
    <ele>48.56</ele>
   </trkpt>
   <trkpt lat="29.998350000000002" lon="120.14695">
    <ele>47.510000000000005</ele>
   </trkpt>
   <trkpt lat="29.998340000000002" lon="120.14696">
    <ele>47.510000000000005</ele>
   </trkpt>
   <trkpt lat="29.998610000000003" lon="120.14653000000001">
    <ele>47.32</ele>
   </trkpt>
   <trkpt lat="29.998900000000003" lon="120.14639000000001">
    <ele>47.730000000000004</ele>
   </trkpt>
   <trkpt lat="29.998780000000004" lon="120.1461">
    <ele>48.050000000000004</ele>
   </trkpt>
   <trkpt lat="29.99855" lon="120.14524000000002">
    <ele>48.970000000000006</ele>
   </trkpt>
   <trkpt lat="29.99837" lon="120.14474000000001">
    <ele>50.0</ele>
   </trkpt>
   <trkpt lat="29.997850000000003" lon="120.14398000000001">
    <ele>50.620000000000005</ele>
   </trkpt>
   <trkpt lat="29.997870000000002" lon="120.14383000000001">
    <ele>50.52</ele>
   </trkpt>
   <trkpt lat="29.99799" lon="120.14357000000001">
    <ele>50.010000000000005</ele>
   </trkpt>
   <trkpt lat="29.998140000000003" lon="120.14333">
    <ele>49.980000000000004</ele>
   </trkpt>
   <trkpt lat="29.998220000000003" lon="120.14307000000001">
    <ele>50.160000000000004</ele>
   </trkpt>
   <trkpt lat="29.998340000000002" lon="120.14253000000001">
    <ele>50.85000000000001</ele>
   </trkpt>
   <trkpt lat="29.99866" lon="120.14218000000001">
    <ele>52.77</ele>
   </trkpt>
   <trkpt lat="29.999080000000003" lon="120.14141000000001">
    <ele>57.09</ele>
   </trkpt>
   <trkpt lat="29.999180000000003" lon="120.14128000000001">
    <ele>58.050000000000004</ele>
   </trkpt>
   <trkpt lat="29.999250000000004" lon="120.14118">
    <ele>58.42000000000001</ele>
   </trkpt>
   <trkpt lat="29.99923" lon="120.14065000000001">
    <ele>59.150000000000006</ele>
   </trkpt>
   <trkpt lat="29.999150000000004" lon="120.14023000000002">
    <ele>60.61</ele>
   </trkpt>
   <trkpt lat="29.99959" lon="120.13990000000001">
    <ele>63.17</ele>
   </trkpt>
   <trkpt lat="30.000190000000003" lon="120.13992">
    <ele>66.10000000000001</ele>
   </trkpt>
   <trkpt lat="30.000370000000004" lon="120.13985000000001">
    <ele>67.56</ele>
   </trkpt>
   <trkpt lat="30.000940000000003" lon="120.13924000000002">
    <ele>73.18</ele>
   </trkpt>
   <trkpt lat="30.001140000000003" lon="120.13915000000001">
    <ele>74.52</ele>
   </trkpt>
   <trkpt lat="30.001310000000004" lon="120.13897000000001">
    <ele>75.33000000000001</ele>
   </trkpt>
   <trkpt lat="30.00129" lon="120.13868000000001">
    <ele>76.53</ele>
   </trkpt>
   <trkpt lat="30.001340000000003" lon="120.13852000000001">
    <ele>78.48</ele>
   </trkpt>
   <trkpt lat="30.00146" lon="120.13833000000001">
    <ele>80.98</ele>
   </trkpt>
   <trkpt lat="30.00137" lon="120.13798000000001">
    <ele>84.0</ele>
   </trkpt>
   <trkpt lat="30.001630000000002" lon="120.13747000000001">
    <ele>90.73</ele>
   </trkpt>
   <trkpt lat="30.00174" lon="120.13703000000001">
    <ele>97.11</ele>
   </trkpt>
   <trkpt lat="30.00176" lon="120.13644000000001">
    <ele>105.8</ele>
   </trkpt>
   <trkpt lat="30.00165" lon="120.13595000000001">
    <ele>113.02000000000001</ele>
   </trkpt>
   <trkpt lat="30.001345000730694" lon="120.13550999864634">
    <ele>120.34000000000002</ele>
   </trkpt>
   <trkpt lat="30.001040000000003" lon="120.13507000000001">
    <ele>127.88000000000002</ele>
   </trkpt>
   <trkpt lat="30.000770000928338" lon="120.13456499855988">
    <ele>136.29000000000002</ele>
   </trkpt>
   <trkpt lat="30.000500000000002" lon="120.13406">
    <ele>145.41</ele>
   </trkpt>
   <trkpt lat="30.00025" lon="120.13327000000001">
    <ele>154.9</ele>
   </trkpt>
   <trkpt lat="30.00015" lon="120.1333">
    <ele>155.81</ele>
   </trkpt>
   <trkpt lat="30.000170000000004" lon="120.13358000000001">
    <ele>157.46</ele>
   </trkpt>
   <trkpt lat="30.000310000000002" lon="120.13437">
    <ele>163.59</ele>
   </trkpt>
   <trkpt lat="30.000525001755562" lon="120.13504499864388">
    <ele>167.02</ele>
   </trkpt>
   <trkpt lat="30.000740000000004" lon="120.13572">
    <ele>172.02</ele>
   </trkpt>
   <trkpt lat="30.000700000000002" lon="120.13609000000001">
    <ele>175.73000000000002</ele>
   </trkpt>
   <trkpt lat="30.00043" lon="120.13633000000002">
    <ele>179.88</ele>
   </trkpt>
   <trkpt lat="30.000110000000003" lon="120.13647">
    <ele>182.32</ele>
   </trkpt>
   <trkpt lat="29.999890000000004" lon="120.13621">
    <ele>184.57000000000002</ele>
   </trkpt>
   <trkpt lat="29.999645000961877" lon="120.13569499864383">
    <ele>187.58</ele>
   </trkpt>
   <trkpt lat="29.9994" lon="120.13518">
    <ele>190.46</ele>
   </trkpt>
   <trkpt lat="29.99922" lon="120.13496">
    <ele>192.76000000000002</ele>
   </trkpt>
   <trkpt lat="29.99864" lon="120.13489000000001">
    <ele>200.77</ele>
   </trkpt>
   <trkpt lat="29.998720000000002" lon="120.13480000000001">
    <ele>201.19</ele>
   </trkpt>
   <trkpt lat="29.998970000000003" lon="120.13466000000001">
    <ele>204.18000000000004</ele>
   </trkpt>
   <trkpt lat="29.999270000000003" lon="120.1346">
    <ele>207.42000000000002</ele>
   </trkpt>
   <trkpt lat="29.9996" lon="120.13491">
    <ele>210.49</ele>
   </trkpt>
   <trkpt lat="29.999890000000004" lon="120.13535000000002">
    <ele>212.76</ele>
   </trkpt>
   <trkpt lat="30.000110000000003" lon="120.13576">
    <ele>215.70000000000002</ele>
   </trkpt>
   <trkpt lat="30.000190000000003" lon="120.13570000000001">
    <ele>216.25000000000003</ele>
   </trkpt>
   <trkpt lat="30.00006" lon="120.13547000000001">
    <ele>218.16000000000003</ele>
   </trkpt>
   <trkpt lat="29.999840000000003" lon="120.13497000000001">
    <ele>221.55</ele>
   </trkpt>
   <trkpt lat="29.999610000000004" lon="120.13452000000001">
    <ele>227.29000000000002</ele>
   </trkpt>
   <trkpt lat="29.999370000000003" lon="120.13417000000001">
    <ele>234.75</ele>
   </trkpt>
   <trkpt lat="29.998910000000002" lon="120.13382000000001">
    <ele>240.64000000000001</ele>
   </trkpt>
   <trkpt lat="29.99855" lon="120.13373000000001">
    <ele>244.98000000000002</ele>
   </trkpt>
   <trkpt lat="29.9982050009808" lon="120.13319499798406">
    <ele>255.36</ele>
   </trkpt>
   <trkpt lat="29.997860000000003" lon="120.13266000000002">
    <ele>262.69000000000005</ele>
   </trkpt>
   <trkpt lat="29.997560000000004" lon="120.13236">
    <ele>266.20000000000005</ele>
   </trkpt>
   <trkpt lat="29.997490000000003" lon="120.13197000000001">
    <ele>267.53000000000003</ele>
   </trkpt>
   <trkpt lat="29.997700000000002" lon="120.13163000000002">
    <ele>270.29</ele>
   </trkpt>
   <trkpt lat="29.997960000000003" lon="120.13107000000001">
    <ele>275.0</ele>
   </trkpt>
   <trkpt lat="29.99828" lon="120.13113000000001">
    <ele>277.49</ele>
   </trkpt>
   <trkpt lat="29.998340000000002" lon="120.13099000000001">
    <ele>279.1</ele>
   </trkpt>
   <trkpt lat="29.998420000000003" lon="120.13069000000002">
    <ele>282.96999999999997</ele>
   </trkpt>
   <trkpt lat="29.998400000000004" lon="120.13042000000002">
    <ele>284.99</ele>
   </trkpt>
   <trkpt lat="29.99846" lon="120.13014000000001">
    <ele>286.48</ele>
   </trkpt>
   <trkpt lat="29.998450000000002" lon="120.1298">
    <ele>287.26</ele>
   </trkpt>
   <trkpt lat="29.998350000000002" lon="120.12955000000001">
    <ele>287.84000000000003</ele>
   </trkpt>
   <trkpt lat="29.998110000000004" lon="120.12859000000002">
    <ele>292.09000000000003</ele>
   </trkpt>
   <trkpt lat="29.998110000000004" lon="120.12829">
    <ele>294.71000000000004</ele>
   </trkpt>
   <trkpt lat="29.998" lon="120.12829">
    <ele>295.48</ele>
   </trkpt>
   <trkpt lat="29.997950000000003" lon="120.12845000000002">
    <ele>296.52</ele>
   </trkpt>
   <trkpt lat="29.997980000000002" lon="120.12873">
    <ele>297.49</ele>
   </trkpt>
   <trkpt lat="29.998070000000002" lon="120.12915000000001">
    <ele>301.44000000000005</ele>
   </trkpt>
   <trkpt lat="29.998120000000004" lon="120.12994">
    <ele>305.97</ele>
   </trkpt>
   <trkpt lat="29.997960000000003" lon="120.13007">
    <ele>306.48</ele>
   </trkpt>
   <trkpt lat="29.997750000000003" lon="120.12996000000001">
    <ele>306.78000000000003</ele>
   </trkpt>
   <trkpt lat="29.997560000000004" lon="120.13017">
    <ele>306.94000000000005</ele>
   </trkpt>
   <trkpt lat="29.99733" lon="120.13034">
    <ele>307.77000000000004</ele>
   </trkpt>
   <trkpt lat="29.99697" lon="120.13027000000001">
    <ele>310.55000000000007</ele>
   </trkpt>
   <trkpt lat="29.9965" lon="120.13026">
    <ele>315.40000000000003</ele>
   </trkpt>
   <trkpt lat="29.99639" lon="120.13018000000001">
    <ele>316.64000000000004</ele>
   </trkpt>
   <trkpt lat="29.996470000000002" lon="120.13004000000001">
    <ele>318.09000000000003</ele>
   </trkpt>
   <trkpt lat="29.996810000000004" lon="120.12992000000001">
    <ele>320.64000000000004</ele>
   </trkpt>
   <trkpt lat="29.997010000000003" lon="120.1298">
    <ele>323.18</ele>
   </trkpt>
   <trkpt lat="29.99716" lon="120.12954">
    <ele>324.78000000000003</ele>
   </trkpt>
   <trkpt lat="29.997360000000004" lon="120.12936">
    <ele>328.03000000000003</ele>
   </trkpt>
   <trkpt lat="29.997650000000004" lon="120.12920000000001">
    <ele>331.37000000000006</ele>
   </trkpt>
   <trkpt lat="29.997650000000004" lon="120.12905">
    <ele>332.04</ele>
   </trkpt>
   <trkpt lat="29.997500000000002" lon="120.12889000000001">
    <ele>333.92</ele>
   </trkpt>
   <trkpt lat="29.99706" lon="120.12913">
    <ele>337.7</ele>
   </trkpt>
   <trkpt lat="29.996840000000002" lon="120.12909">
    <ele>339.26</ele>
   </trkpt>
   <trkpt lat="29.99667" lon="120.12847000000001">
    <ele>341.1</ele>
   </trkpt>
   <trkpt lat="29.996640000000003" lon="120.12811">
    <ele>342.15</ele>
   </trkpt>
   <trkpt lat="29.996640000000003" lon="120.12763000000001">
    <ele>343.2</ele>
   </trkpt>
   <trkpt lat="29.99649" lon="120.12714000000001">
    <ele>345.49</ele>
   </trkpt>
   <trkpt lat="29.996050000489145" lon="120.12676999833616">
    <ele>352.08</ele>
   </trkpt>
   <trkpt lat="29.995610000000003" lon="120.1264">
    <ele>361.32000000000005</ele>
   </trkpt>
   <trkpt lat="29.99546" lon="120.12637000000001">
    <ele>363.03000000000003</ele>
   </trkpt>
   <trkpt lat="29.995440000000002" lon="120.12659000000001">
    <ele>364.02</ele>
   </trkpt>
   <trkpt lat="29.995580000000004" lon="120.12710000000001">
    <ele>366.88000000000005</ele>
   </trkpt>
   <trkpt lat="29.99555" lon="120.12726">
    <ele>367.75</ele>
   </trkpt>
   <trkpt lat="29.99527" lon="120.12751000000002">
    <ele>371.98</ele>
   </trkpt>
   <trkpt lat="29.994950000000003" lon="120.12756000000002">
    <ele>375.44000000000005</ele>
   </trkpt>
   <trkpt lat="29.994660000000003" lon="120.12738000000002">
    <ele>379.06</ele>
   </trkpt>
   <trkpt lat="29.994400000000002" lon="120.12694">
    <ele>382.82000000000005</ele>
   </trkpt>
   <trkpt lat="29.994220000000002" lon="120.12647000000001">
    <ele>388.29</ele>
   </trkpt>
   <trkpt lat="29.994210000000002" lon="120.12613">
    <ele>392.73</ele>
   </trkpt>
   <trkpt lat="29.99386" lon="120.12589000000001">
    <ele>397.79</ele>
   </trkpt>
   <trkpt lat="29.993650000000002" lon="120.12569">
    <ele>400.39000000000004</ele>
   </trkpt>
   <trkpt lat="29.993610000000004" lon="120.12543000000001">
    <ele>401.58000000000004</ele>
   </trkpt>
   <trkpt lat="29.993550000000003" lon="120.12535000000001">
    <ele>403.01000000000005</ele>
   </trkpt>
   <trkpt lat="29.993320000000004" lon="120.12493">
    <ele>406.35</ele>
   </trkpt>
   <trkpt lat="29.993180000000002" lon="120.12450000000001">
    <ele>408.54</ele>
   </trkpt>
   <trkpt lat="29.99321" lon="120.12379000000001">
    <ele>412.15000000000003</ele>
   </trkpt>
   <trkpt lat="29.993430000000004" lon="120.12298000000001">
    <ele>416.72</ele>
   </trkpt>
   <trkpt lat="29.993510000000004" lon="120.12251">
    <ele>418.88</ele>
   </trkpt>
   <trkpt lat="29.9935" lon="120.12241000000002">
    <ele>418.88</ele>
   </trkpt>
   <trkpt lat="29.99311" lon="120.12228">
    <ele>421.46000000000004</ele>
   </trkpt>
   <trkpt lat="29.992630000000002" lon="120.12207000000001">
    <ele>423.89000000000004</ele>
   </trkpt>
   <trkpt lat="29.992240000000002" lon="120.12187000000002">
    <ele>424.7</ele>
   </trkpt>
   <trkpt lat="29.99172" lon="120.12165000000002">
    <ele>427.06000000000006</ele>
   </trkpt>
   <trkpt lat="29.99097" lon="120.12139">
    <ele>433.69</ele>
   </trkpt>
   <trkpt lat="29.99067" lon="120.12122000000001">
    <ele>437.15000000000003</ele>
   </trkpt>
   <trkpt lat="29.99067" lon="120.12123000000001">
    <ele>437.15000000000003</ele>
   </trkpt>
   <trkpt lat="29.990740000000002" lon="120.12110000000001">
    <ele>438.4</ele>
   </trkpt>
   <trkpt lat="29.991010000000003" lon="120.12107">
    <ele>440.1700000000001</ele>
   </trkpt>
   <trkpt lat="29.991120000000002" lon="120.12098">
    <ele>439.65000000000003</ele>
   </trkpt>
   <trkpt lat="29.991540000000004" lon="120.12093000000002">
    <ele>437.47</ele>
   </trkpt>
   <trkpt lat="29.991880000000002" lon="120.12119000000001">
    <ele>437.05000000000007</ele>
   </trkpt>
   <trkpt lat="29.992160000000002" lon="120.12131000000001">
    <ele>437.41</ele>
   </trkpt>
   <trkpt lat="29.99237" lon="120.12115000000001">
    <ele>436.22</ele>
   </trkpt>
   <trkpt lat="29.992580000000004" lon="120.12087000000001">
    <ele>434.01000000000005</ele>
   </trkpt>
   <trkpt lat="29.992680000000004" lon="120.12063">
    <ele>431.13</ele>
   </trkpt>
   <trkpt lat="29.99284" lon="120.12051000000001">
    <ele>428.02</ele>
   </trkpt>
   <trkpt lat="29.993520000000004" lon="120.12012000000001">
    <ele>421.29</ele>
   </trkpt>
   <trkpt lat="29.993650000000002" lon="120.11980000000001">
    <ele>418.7</ele>
   </trkpt>
   <trkpt lat="29.993900000000004" lon="120.11961000000001">
    <ele>416.24000000000007</ele>
   </trkpt>
   <trkpt lat="29.993930000000002" lon="120.1192">
    <ele>414.5</ele>
   </trkpt>
   <trkpt lat="29.99376" lon="120.11861">
    <ele>411.48</ele>
   </trkpt>
   <trkpt lat="29.993540000000003" lon="120.11833000000001">
    <ele>407.91</ele>
   </trkpt>
   <trkpt lat="29.993320000000004" lon="120.11797000000001">
    <ele>404.38</ele>
   </trkpt>
   <trkpt lat="29.993260000000003" lon="120.11776">
    <ele>403.64000000000004</ele>
   </trkpt>
   <trkpt lat="29.993530000000003" lon="120.11737000000001">
    <ele>405.89000000000004</ele>
   </trkpt>
   <trkpt lat="29.99368" lon="120.11704">
    <ele>412.54</ele>
   </trkpt>
   <trkpt lat="29.993820000000003" lon="120.11686000000002">
    <ele>415.95000000000005</ele>
   </trkpt>
   <trkpt lat="29.99388" lon="120.11669">
    <ele>424.07000000000005</ele>
   </trkpt>
   <trkpt lat="29.993910000000003" lon="120.11648000000001">
    <ele>427.23</ele>
   </trkpt>
   <trkpt lat="29.99388" lon="120.11622000000001">
    <ele>429.45000000000005</ele>
   </trkpt>
   <trkpt lat="29.993940000000002" lon="120.11599000000001">
    <ele>433.06000000000006</ele>
   </trkpt>
   <trkpt lat="29.994030000000002" lon="120.11586000000001">
    <ele>434.14000000000004</ele>
   </trkpt>
   <trkpt lat="29.99406" lon="120.11573000000001">
    <ele>434.11000000000007</ele>
   </trkpt>
   <trkpt lat="29.99406" lon="120.11574000000002">
    <ele>434.11000000000007</ele>
   </trkpt>
   <trkpt lat="29.99397" lon="120.11565000000002">
    <ele>433.26000000000005</ele>
   </trkpt>
   <trkpt lat="29.993520000000004" lon="120.11544">
    <ele>429.22</ele>
   </trkpt>
   <trkpt lat="29.993440000000003" lon="120.11524000000001">
    <ele>428.90000000000003</ele>
   </trkpt>
   <trkpt lat="29.99341" lon="120.11510000000001">
    <ele>428.68000000000006</ele>
   </trkpt>
   <trkpt lat="29.993290000000002" lon="120.11505000000001">
    <ele>428.06000000000006</ele>
   </trkpt>
   <trkpt lat="29.993180000000002" lon="120.11513000000001">
    <ele>427.40000000000003</ele>
   </trkpt>
   <trkpt lat="29.99293" lon="120.11516">
    <ele>424.06000000000006</ele>
   </trkpt>
   <trkpt lat="29.99275" lon="120.11506000000001">
    <ele>423.22</ele>
   </trkpt>
   <trkpt lat="29.99265" lon="120.11494">
    <ele>421.3</ele>
   </trkpt>
   <trkpt lat="29.992500000000003" lon="120.11487000000001">
    <ele>419.29</ele>
   </trkpt>
   <trkpt lat="29.992350000000002" lon="120.11489000000002">
    <ele>419.29</ele>
   </trkpt>
   <trkpt lat="29.992230000000003" lon="120.11484000000002">
    <ele>417.55</ele>
   </trkpt>
   <trkpt lat="29.992020000000004" lon="120.11442000000001">
    <ele>412.38</ele>
   </trkpt>
   <trkpt lat="29.991690000000002" lon="120.11422">
    <ele>407.31000000000006</ele>
   </trkpt>
   <trkpt lat="29.991490000000002" lon="120.11389000000001">
    <ele>402.43</ele>
   </trkpt>
   <trkpt lat="29.991380000000003" lon="120.11379000000001">
    <ele>401.08000000000004</ele>
   </trkpt>
   <trkpt lat="29.991190000000003" lon="120.11375000000001">
    <ele>398.08000000000004</ele>
   </trkpt>
   <trkpt lat="29.991000000000003" lon="120.11361000000001">
    <ele>393.43000000000006</ele>
   </trkpt>
   <trkpt lat="29.990650000000002" lon="120.11314000000002">
    <ele>387.79</ele>
   </trkpt>
   <trkpt lat="29.99058" lon="120.11299000000001">
    <ele>387.20000000000005</ele>
   </trkpt>
   <trkpt lat="29.99059" lon="120.11257">
    <ele>388.19000000000005</ele>
   </trkpt>
   <trkpt lat="29.990810000000003" lon="120.11234">
    <ele>392.93000000000006</ele>
   </trkpt>
   <trkpt lat="29.991010000000003" lon="120.11203">
    <ele>401.0</ele>
   </trkpt>
   <trkpt lat="29.991020000000002" lon="120.11162000000002">
    <ele>404.74</ele>
   </trkpt>
   <trkpt lat="29.991100000000003" lon="120.11143000000001">
    <ele>412.67</ele>
   </trkpt>
   <trkpt lat="29.991130000000002" lon="120.11123">
    <ele>415.2</ele>
   </trkpt>
   <trkpt lat="29.991130000000002" lon="120.11104000000002">
    <ele>419.16</ele>
   </trkpt>
   <trkpt lat="29.991200000000003" lon="120.11082">
    <ele>420.79</ele>
   </trkpt>
   <trkpt lat="29.99142" lon="120.11032000000002">
    <ele>431.14</ele>
   </trkpt>
   <trkpt lat="29.9918" lon="120.11042">
    <ele>438.08000000000004</ele>
   </trkpt>
   <trkpt lat="29.992110000000004" lon="120.11039000000001">
    <ele>445.69</ele>
   </trkpt>
   <trkpt lat="29.992340000000002" lon="120.11032000000002">
    <ele>447.99000000000007</ele>
   </trkpt>
   <trkpt lat="29.99247" lon="120.10999000000001">
    <ele>454.75000000000006</ele>
   </trkpt>
   <trkpt lat="29.992230000000003" lon="120.10957">
    <ele>462.52000000000004</ele>
   </trkpt>
   <trkpt lat="29.991960000000002" lon="120.10940000000001">
    <ele>468.61</ele>
   </trkpt>
   <trkpt lat="29.991860000000003" lon="120.10921">
    <ele>471.17</ele>
   </trkpt>
   <trkpt lat="29.991570000000003" lon="120.10904000000001">
    <ele>473.81000000000006</ele>
   </trkpt>
   <trkpt lat="29.99125" lon="120.10852000000001">
    <ele>476.97</ele>
   </trkpt>
   <trkpt lat="29.99115" lon="120.10826000000002">
    <ele>477.12000000000006</ele>
   </trkpt>
   <trkpt lat="29.990880000000004" lon="120.10803000000001">
    <ele>474.28000000000003</ele>
   </trkpt>
   <trkpt lat="29.990720000000003" lon="120.10764">
    <ele>472.07000000000005</ele>
   </trkpt>
   <trkpt lat="29.99059" lon="120.10743000000001">
    <ele>471.28000000000003</ele>
   </trkpt>
   <trkpt lat="29.990320000000004" lon="120.10727000000001">
    <ele>471.54</ele>
   </trkpt>
   <trkpt lat="29.99002" lon="120.1068">
    <ele>477.85</ele>
   </trkpt>
   <trkpt lat="29.98946" lon="120.10650000000001">
    <ele>482.75</ele>
   </trkpt>
   <trkpt lat="29.98907000234573" lon="120.10570999687233">
    <ele>492.77000000000004</ele>
   </trkpt>
   <trkpt lat="29.988680000000002" lon="120.10492">
    <ele>496.70000000000005</ele>
   </trkpt>
   <trkpt lat="29.988305000346084" lon="120.10457499860166">
    <ele>498.98</ele>
   </trkpt>
   <trkpt lat="29.987930000000002" lon="120.10423000000002">
    <ele>502.58000000000004</ele>
   </trkpt>
   <trkpt lat="29.987690000000004" lon="120.10354000000001">
    <ele>506.55000000000007</ele>
   </trkpt>
   <trkpt lat="29.987730000000003" lon="120.10331000000001">
    <ele>506.97999999999996</ele>
   </trkpt>
   <trkpt lat="29.988160000000004" lon="120.10308">
    <ele>512.63</ele>
   </trkpt>
   <trkpt lat="29.988930000000003" lon="120.10301000000001">
    <ele>522.1</ele>
   </trkpt>
   <trkpt lat="29.989330000000002" lon="120.1029">
    <ele>527.03</ele>
   </trkpt>
   <trkpt lat="29.98965" lon="120.10275000000001">
    <ele>532.21</ele>
   </trkpt>
   <trkpt lat="29.98974" lon="120.10261000000001">
    <ele>533.47</ele>
   </trkpt>
   <trkpt lat="29.98975" lon="120.10245">
    <ele>535.85</ele>
   </trkpt>
   <trkpt lat="29.989710000000002" lon="120.10226000000002">
    <ele>537.84</ele>
   </trkpt>
   <trkpt lat="29.989310000000003" lon="120.10186000000002">
    <ele>542.3</ele>
   </trkpt>
   <trkpt lat="29.989120000000003" lon="120.10162000000001">
    <ele>545.2900000000001</ele>
   </trkpt>
   <trkpt lat="29.9888" lon="120.10150000000002">
    <ele>547.03</ele>
   </trkpt>
   <trkpt lat="29.98861" lon="120.10153000000001">
    <ele>547.48</ele>
   </trkpt>
   <trkpt lat="29.988500000000002" lon="120.10169">
    <ele>547.07</ele>
   </trkpt>
   <trkpt lat="29.988360000000004" lon="120.10173">
    <ele>545.71</ele>
   </trkpt>
   <trkpt lat="29.98805" lon="120.10156">
    <ele>542.52</ele>
   </trkpt>
   <trkpt lat="29.987820000000003" lon="120.10135000000001">
    <ele>540.18</ele>
   </trkpt>
   <trkpt lat="29.987403335473598" lon="120.10081999557453">
    <ele>539.1100000000001</ele>
   </trkpt>
   <trkpt lat="29.9869866688248" lon="120.10028999559731">
    <ele>537.72</ele>
   </trkpt>
   <trkpt lat="29.986570000000004" lon="120.09976">
    <ele>538.6200000000001</ele>
   </trkpt>
   <trkpt lat="29.98631500096813" lon="120.09924999866136">
    <ele>539.45</ele>
   </trkpt>
   <trkpt lat="29.986060000000002" lon="120.09874">
    <ele>541.78</ele>
   </trkpt>
   <trkpt lat="29.985880001258327" lon="120.09815499882747">
    <ele>543.54</ele>
   </trkpt>
   <trkpt lat="29.9857" lon="120.09757">
    <ele>545.2900000000001</ele>
   </trkpt>
   <trkpt lat="29.9857" lon="120.09758000000001">
    <ele>545.2900000000001</ele>
   </trkpt>
   <trkpt lat="29.9857" lon="120.09737000000001">
    <ele>545.85</ele>
   </trkpt>
   <trkpt lat="29.985780000000002" lon="120.09723000000001">
    <ele>546.5300000000001</ele>
   </trkpt>
   <trkpt lat="29.985920000000004" lon="120.09718000000001">
    <ele>547.1700000000001</ele>
   </trkpt>
   <trkpt lat="29.98609" lon="120.09722000000001">
    <ele>548.6800000000001</ele>
   </trkpt>
   <trkpt lat="29.986810000000002" lon="120.09750000000001">
    <ele>557.2900000000001</ele>
   </trkpt>
   <trkpt lat="29.9873" lon="120.09767000000001">
    <ele>560.49</ele>
   </trkpt>
   <trkpt lat="29.987560000000002" lon="120.09764000000001">
    <ele>563.5100000000001</ele>
   </trkpt>
   <trkpt lat="29.987830000000002" lon="120.09775">
    <ele>566.58</ele>
   </trkpt>
   <trkpt lat="29.988180000000003" lon="120.09804000000001">
    <ele>573.2400000000001</ele>
   </trkpt>
   <trkpt lat="29.98842" lon="120.09813000000001">
    <ele>576.86</ele>
   </trkpt>
   <trkpt lat="29.988670000000003" lon="120.09830000000001">
    <ele>579.38</ele>
   </trkpt>
   <trkpt lat="29.988970000000002" lon="120.09843000000001">
    <ele>585.13</ele>
   </trkpt>
   <trkpt lat="29.989120000000003" lon="120.09842">
    <ele>586.5100000000001</ele>
   </trkpt>
   <trkpt lat="29.989120000000003" lon="120.09828000000002">
    <ele>587.7900000000001</ele>
   </trkpt>
   <trkpt lat="29.988920000000004" lon="120.09826000000001">
    <ele>589.77</ele>
   </trkpt>
   <trkpt lat="29.988780000000002" lon="120.09815">
    <ele>590.7800000000001</ele>
   </trkpt>
   <trkpt lat="29.988690000000002" lon="120.09796000000001">
    <ele>594.22</ele>
   </trkpt>
   <trkpt lat="29.988740000000004" lon="120.09791000000001">
    <ele>595.34</ele>
   </trkpt>
   <trkpt lat="29.98881" lon="120.09793">
    <ele>595.34</ele>
   </trkpt>
   <trkpt lat="29.988910000000004" lon="120.09805000000001">
    <ele>596.41</ele>
   </trkpt>
   <trkpt lat="29.989250000000002" lon="120.09806">
    <ele>601.89</ele>
   </trkpt>
   <trkpt lat="29.989510000000003" lon="120.09827000000001">
    <ele>606.25</ele>
   </trkpt>
   <trkpt lat="29.98964" lon="120.09840000000001">
    <ele>608.0000000000001</ele>
   </trkpt>
   <trkpt lat="29.989780000000003" lon="120.09837">
    <ele>609.89</ele>
   </trkpt>
   <trkpt lat="29.989910000000002" lon="120.09827000000001">
    <ele>610.6100000000001</ele>
   </trkpt>
   <trkpt lat="29.990050000000004" lon="120.0982">
    <ele>612.3900000000001</ele>
   </trkpt>
   <trkpt lat="29.99066000007046" lon="120.09806000086104">
    <ele>618.8100000000001</ele>
   </trkpt>
   <trkpt lat="29.991270000000004" lon="120.09792000000002">
    <ele>626.95</ele>
   </trkpt>
   <trkpt lat="29.991860000000003" lon="120.09806">
    <ele>638.6700000000001</ele>
   </trkpt>
   <trkpt lat="29.992030000000003" lon="120.09815">
    <ele>640.7600000000001</ele>
   </trkpt>
   <trkpt lat="29.992200000000004" lon="120.09835000000001">
    <ele>644.6500000000001</ele>
   </trkpt>
   <trkpt lat="29.99247" lon="120.09841000000002">
    <ele>647.27</ele>
   </trkpt>
   <trkpt lat="29.99255" lon="120.09832000000002">
    <ele>647.98</ele>
   </trkpt>
   <trkpt lat="29.992710000000002" lon="120.0977">
    <ele>649.7700000000001</ele>
   </trkpt>
   <trkpt lat="29.993040000000004" lon="120.09734000000002">
    <ele>653.5500000000001</ele>
   </trkpt>
   <trkpt lat="29.9932" lon="120.09698000000002">
    <ele>659.08</ele>
   </trkpt>
   <trkpt lat="29.993330000000004" lon="120.09659">
    <ele>661.94</ele>
   </trkpt>
   <trkpt lat="29.993230000000004" lon="120.09578">
    <ele>670.74</ele>
   </trkpt>
   <trkpt lat="29.99312" lon="120.09580000000001">
    <ele>672.1100000000001</ele>
   </trkpt>
   <trkpt lat="29.99301" lon="120.09595000000002">
    <ele>674.5300000000001</ele>
   </trkpt>
   <trkpt lat="29.99293" lon="120.09631000000002">
    <ele>680.18</ele>
   </trkpt>
   <trkpt lat="29.992850000000004" lon="120.09623">
    <ele>680.79</ele>
   </trkpt>
   <trkpt lat="29.99274" lon="120.09593000000001">
    <ele>684.3100000000001</ele>
   </trkpt>
   <trkpt lat="29.99275" lon="120.09568000000002">
    <ele>687.5300000000001</ele>
   </trkpt>
   <trkpt lat="29.992810000000002" lon="120.09546">
    <ele>690.27</ele>
   </trkpt>
   <trkpt lat="29.992770000000004" lon="120.09523000000002">
    <ele>691.67</ele>
   </trkpt>
   <trkpt lat="29.99265" lon="120.09506">
    <ele>692.6000000000001</ele>
   </trkpt>
   <trkpt lat="29.992610000000003" lon="120.09485000000001">
    <ele>693.61</ele>
   </trkpt>
   <trkpt lat="29.992720000000002" lon="120.09471">
    <ele>694.9000000000001</ele>
   </trkpt>
   <trkpt lat="29.99292" lon="120.09471">
    <ele>697.62</ele>
   </trkpt>
   <trkpt lat="29.993650000000002" lon="120.09492000000002">
    <ele>707.7500000000001</ele>
   </trkpt>
   <trkpt lat="29.993920000000003" lon="120.09523000000002">
    <ele>709.46</ele>
   </trkpt>
   <trkpt lat="29.99414" lon="120.09561000000001">
    <ele>711.69</ele>
   </trkpt>
   <trkpt lat="29.994300000000003" lon="120.09562000000001">
    <ele>712.0000000000001</ele>
   </trkpt>
   <trkpt lat="29.994500000000002" lon="120.09540000000001">
    <ele>712.0200000000001</ele>
   </trkpt>
   <trkpt lat="29.994640000000004" lon="120.09510000000002">
    <ele>711.61</ele>
   </trkpt>
   <trkpt lat="29.994730000000004" lon="120.09482000000001">
    <ele>710.61</ele>
   </trkpt>
   <trkpt lat="29.994570000000003" lon="120.09384000000001">
    <ele>702.86</ele>
   </trkpt>
   <trkpt lat="29.994500000000002" lon="120.09281000000001">
    <ele>699.07</ele>
   </trkpt>
   <trkpt lat="29.994560000000003" lon="120.09256">
    <ele>697.4800000000001</ele>
   </trkpt>
   <trkpt lat="29.994640000000004" lon="120.09239000000001">
    <ele>696.6300000000001</ele>
   </trkpt>
   <trkpt lat="29.994750000000003" lon="120.09232000000002">
    <ele>696.44</ele>
   </trkpt>
   <trkpt lat="29.994950000000003" lon="120.09223000000001">
    <ele>696.33</ele>
   </trkpt>
   <trkpt lat="29.995200000000004" lon="120.09222000000001">
    <ele>696.82</ele>
   </trkpt>
   <trkpt lat="29.995390000000004" lon="120.09216">
    <ele>696.82</ele>
   </trkpt>
   <trkpt lat="29.995390000000004" lon="120.09196000000001">
    <ele>697.95</ele>
   </trkpt>
   <trkpt lat="29.995330000000003" lon="120.09177000000001">
    <ele>698.44</ele>
   </trkpt>
   <trkpt lat="29.995220000000003" lon="120.0917">
    <ele>699.1800000000001</ele>
   </trkpt>
   <trkpt lat="29.994830000000004" lon="120.09169000000001">
    <ele>699.84</ele>
   </trkpt>
   <trkpt lat="29.994600000000002" lon="120.09171">
    <ele>699.8100000000001</ele>
   </trkpt>
   <trkpt lat="29.994410000000002" lon="120.09161">
    <ele>699.9200000000001</ele>
   </trkpt>
   <trkpt lat="29.994290000000003" lon="120.09149000000001">
    <ele>700.01</ele>
   </trkpt>
   <trkpt lat="29.99396" lon="120.09093000000001">
    <ele>700.6600000000001</ele>
   </trkpt>
   <trkpt lat="29.993920000000003" lon="120.09081">
    <ele>700.9200000000001</ele>
   </trkpt>
   <trkpt lat="29.994010000000003" lon="120.09052000000001">
    <ele>702.1800000000001</ele>
   </trkpt>
   <trkpt lat="29.994010000000003" lon="120.09039000000001">
    <ele>702.38</ele>
   </trkpt>
   <trkpt lat="29.993890000000004" lon="120.09020000000001">
    <ele>703.6300000000001</ele>
   </trkpt>
   <trkpt lat="29.993640000000003" lon="120.0901">
    <ele>705.08</ele>
   </trkpt>
   <trkpt lat="29.993540000000003" lon="120.08994000000001">
    <ele>707.34</ele>
   </trkpt>
   <trkpt lat="29.993380000000002" lon="120.08984000000001">
    <ele>709.0200000000001</ele>
   </trkpt>
   <trkpt lat="29.99322" lon="120.08984000000001">
    <ele>710.0500000000001</ele>
   </trkpt>
   <trkpt lat="29.993050000000004" lon="120.08991">
    <ele>710.9700000000001</ele>
   </trkpt>
   <trkpt lat="29.992610000000003" lon="120.09002000000001">
    <ele>713.52</ele>
   </trkpt>
   <trkpt lat="29.992420000000003" lon="120.08997000000001">
    <ele>713.5100000000001</ele>
   </trkpt>
   <trkpt lat="29.99209" lon="120.08970000000001">
    <ele>713.21</ele>
   </trkpt>
   <trkpt lat="29.991770000000002" lon="120.08956">
    <ele>713.34</ele>
   </trkpt>
   <trkpt lat="29.991540000000004" lon="120.08951">
    <ele>714.01</ele>
   </trkpt>
   <trkpt lat="29.991120000365566" lon="120.08922499883408">
    <ele>714.16</ele>
   </trkpt>
   <trkpt lat="29.990700000000004" lon="120.08894000000001">
    <ele>713.8100000000001</ele>
   </trkpt>
   <trkpt lat="29.990510000000004" lon="120.08875">
    <ele>713.11</ele>
   </trkpt>
   <trkpt lat="29.990430000000003" lon="120.0887">
    <ele>712.5600000000001</ele>
   </trkpt>
   <trkpt lat="29.990340000000003" lon="120.08866">
    <ele>712.22</ele>
   </trkpt>
   <trkpt lat="29.989970000000003" lon="120.08863000000001">
    <ele>708.6300000000001</ele>
   </trkpt>
   <trkpt lat="29.989880000000003" lon="120.08854000000001">
    <ele>708.6300000000001</ele>
   </trkpt>
   <trkpt lat="29.989870000000003" lon="120.08837000000001">
    <ele>707.23</ele>
   </trkpt>
   <trkpt lat="29.98983" lon="120.08827000000001">
    <ele>706.58</ele>
   </trkpt>
   <trkpt lat="29.989330000000002" lon="120.08797000000001">
    <ele>700.9399999999999</ele>
   </trkpt>
   <trkpt lat="29.989160000000002" lon="120.08774000000001">
    <ele>698.69</ele>
   </trkpt>
   <trkpt lat="29.989120000000003" lon="120.08746000000001">
    <ele>697.0400000000001</ele>
   </trkpt>
   <trkpt lat="29.989210000000003" lon="120.08671000000001">
    <ele>688.89</ele>
   </trkpt>
   <trkpt lat="29.989110000000004" lon="120.08611">
    <ele>678.6300000000001</ele>
   </trkpt>
   <trkpt lat="29.989040000000003" lon="120.08552000000002">
    <ele>672.64</ele>
   </trkpt>
   <trkpt lat="29.98872" lon="120.08483000000001">
    <ele>668.1700000000001</ele>
   </trkpt>
   <trkpt lat="29.988590000000002" lon="120.08439000000001">
    <ele>670.54</ele>
   </trkpt>
   <trkpt lat="29.988490000000002" lon="120.08386000000002">
    <ele>676.36</ele>
   </trkpt>
   <trkpt lat="29.98853" lon="120.08361000000001">
    <ele>678.21</ele>
   </trkpt>
   <trkpt lat="29.98853" lon="120.08346000000002">
    <ele>680.37</ele>
   </trkpt>
   <trkpt lat="29.988440000000004" lon="120.08324">
    <ele>681.42</ele>
   </trkpt>
   <trkpt lat="29.988370000000003" lon="120.08237000000001">
    <ele>675.8000000000001</ele>
   </trkpt>
   <trkpt lat="29.98823" lon="120.08175000000001">
    <ele>668.54</ele>
   </trkpt>
   <trkpt lat="29.988270000000004" lon="120.08149000000002">
    <ele>666.74</ele>
   </trkpt>
   <trkpt lat="29.988350000000004" lon="120.08130000000001">
    <ele>665.1800000000001</ele>
   </trkpt>
   <trkpt lat="29.988690000000002" lon="120.08091">
    <ele>663.2</ele>
   </trkpt>
   <trkpt lat="29.988830000000004" lon="120.08069">
    <ele>661.5000000000001</ele>
   </trkpt>
   <trkpt lat="29.989" lon="120.08051">
    <ele>659.2600000000001</ele>
   </trkpt>
   <trkpt lat="29.989060000000002" lon="120.08040000000001">
    <ele>656.37</ele>
   </trkpt>
   <trkpt lat="29.989050000000002" lon="120.08028000000002">
    <ele>656.37</ele>
   </trkpt>
   <trkpt lat="29.98899" lon="120.08012000000001">
    <ele>654.88</ele>
   </trkpt>
   <trkpt lat="29.988950000000003" lon="120.07995000000001">
    <ele>653.63</ele>
   </trkpt>
   <trkpt lat="29.988940000000003" lon="120.07978000000001">
    <ele>653.1800000000001</ele>
   </trkpt>
   <trkpt lat="29.988960000000002" lon="120.07966">
    <ele>654.0400000000001</ele>
   </trkpt>
   <trkpt lat="29.989030000000003" lon="120.07947000000001">
    <ele>655.8900000000001</ele>
   </trkpt>
   <trkpt lat="29.989250000000002" lon="120.07922">
    <ele>656.8900000000001</ele>
   </trkpt>
   <trkpt lat="29.98947" lon="120.07915000000001">
    <ele>656.5200000000001</ele>
   </trkpt>
   <trkpt lat="29.989810000000002" lon="120.07886">
    <ele>657.2800000000001</ele>
   </trkpt>
   <trkpt lat="29.990530000000003" lon="120.07854">
    <ele>657.96</ele>
   </trkpt>
   <trkpt lat="29.99115" lon="120.07819">
    <ele>659.83</ele>
   </trkpt>
   <trkpt lat="29.991760000000003" lon="120.07776000000001">
    <ele>656.7700000000001</ele>
   </trkpt>
   <trkpt lat="29.992220000000003" lon="120.07706">
    <ele>643.0600000000001</ele>
   </trkpt>
   <trkpt lat="29.992410000000003" lon="120.07672000000001">
    <ele>638.85</ele>
   </trkpt>
   <trkpt lat="29.992670000000004" lon="120.0764">
    <ele>633.7100000000002</ele>
   </trkpt>
   <trkpt lat="29.992790000000003" lon="120.07633000000001">
    <ele>632.39</ele>
   </trkpt>
   <trkpt lat="29.992770000000004" lon="120.07634000000002">
    <ele>632.39</ele>
   </trkpt>
   <trkpt lat="29.992900000000002" lon="120.0763">
    <ele>631.08</ele>
   </trkpt>
   <trkpt lat="29.993050000000004" lon="120.07631">
    <ele>628.73</ele>
   </trkpt>
   <trkpt lat="29.992990000000002" lon="120.07637000000001">
    <ele>628.73</ele>
   </trkpt>
   <trkpt lat="29.992850000000004" lon="120.07665000000001">
    <ele>623.63</ele>
   </trkpt>
   <trkpt lat="29.99265" lon="120.07741000000001">
    <ele>617.59</ele>
   </trkpt>
   <trkpt lat="29.99265" lon="120.07781000000001">
    <ele>614.96</ele>
   </trkpt>
   <trkpt lat="29.992630000000002" lon="120.07799000000001">
    <ele>614.96</ele>
   </trkpt>
   <trkpt lat="29.99265" lon="120.07809">
    <ele>612.89</ele>
   </trkpt>
   <trkpt lat="29.992770000000004" lon="120.07827">
    <ele>612.21</ele>
   </trkpt>
   <trkpt lat="29.992780000000003" lon="120.07839000000001">
    <ele>610.9100000000001</ele>
   </trkpt>
   <trkpt lat="29.99274" lon="120.07852000000001">
    <ele>610.4000000000001</ele>
   </trkpt>
   <trkpt lat="29.99255" lon="120.07868">
    <ele>606.6</ele>
   </trkpt>
   <trkpt lat="29.992440000000002" lon="120.0789">
    <ele>603.6100000000001</ele>
   </trkpt>
   <trkpt lat="29.992420000000003" lon="120.07915000000001">
    <ele>601.3000000000001</ele>
   </trkpt>
   <trkpt lat="29.99247" lon="120.07923000000001">
    <ele>601.3000000000001</ele>
   </trkpt>
   <trkpt lat="29.992520000000003" lon="120.07921">
    <ele>598.63</ele>
   </trkpt>
   <trkpt lat="29.992570000000004" lon="120.07913">
    <ele>598.63</ele>
   </trkpt>
   <trkpt lat="29.992670000000004" lon="120.07902000000001">
    <ele>596.8100000000001</ele>
   </trkpt>
   <trkpt lat="29.992950000000004" lon="120.07888000000001">
    <ele>593.33</ele>
   </trkpt>
   <trkpt lat="29.993080000000003" lon="120.07884000000001">
    <ele>591.72</ele>
   </trkpt>
   <trkpt lat="29.993140000000004" lon="120.07886">
    <ele>590.45</ele>
   </trkpt>
   <trkpt lat="29.993160000000003" lon="120.07892000000001">
    <ele>590.45</ele>
   </trkpt>
   <trkpt lat="29.99312" lon="120.07908">
    <ele>588.43</ele>
   </trkpt>
   <trkpt lat="29.99292" lon="120.07925000000002">
    <ele>584.6300000000001</ele>
   </trkpt>
   <trkpt lat="29.992800000000003" lon="120.07941000000001">
    <ele>583.79</ele>
   </trkpt>
   <trkpt lat="29.992770000000004" lon="120.07964000000001">
    <ele>580.74</ele>
   </trkpt>
   <trkpt lat="29.992700000000003" lon="120.07982000000001">
    <ele>580.0500000000001</ele>
   </trkpt>
   <trkpt lat="29.992710000000002" lon="120.08019000000002">
    <ele>578.0200000000001</ele>
   </trkpt>
   <trkpt lat="29.992670000000004" lon="120.08029">
    <ele>577.23</ele>
   </trkpt>
   <trkpt lat="29.992420000000003" lon="120.08069">
    <ele>573.1</ele>
   </trkpt>
   <trkpt lat="29.992340000000002" lon="120.08077000000002">
    <ele>571.04</ele>
   </trkpt>
   <trkpt lat="29.992240000000002" lon="120.08084000000001">
    <ele>570.13</ele>
   </trkpt>
   <trkpt lat="29.992100000000004" lon="120.08087">
    <ele>569.12</ele>
   </trkpt>
   <trkpt lat="29.99191" lon="120.08080000000001">
    <ele>565.95</ele>
   </trkpt>
   <trkpt lat="29.99181" lon="120.08083">
    <ele>565.95</ele>
   </trkpt>
   <trkpt lat="29.991730000000004" lon="120.08094000000001">
    <ele>562.08</ele>
   </trkpt>
   <trkpt lat="29.991600000000002" lon="120.08157000000001">
    <ele>555.46</ele>
   </trkpt>
   <trkpt lat="29.991490000000002" lon="120.08175000000001">
    <ele>553.6500000000001</ele>
   </trkpt>
   <trkpt lat="29.99142" lon="120.08196000000001">
    <ele>551.89</ele>
   </trkpt>
   <trkpt lat="29.991380000000003" lon="120.08228000000001">
    <ele>547.8700000000001</ele>
   </trkpt>
   <trkpt lat="29.99142" lon="120.08261000000002">
    <ele>545.46</ele>
   </trkpt>
   <trkpt lat="29.99152" lon="120.08293">
    <ele>542.63</ele>
   </trkpt>
   <trkpt lat="29.991730000000004" lon="120.08332000000001">
    <ele>536.9</ele>
   </trkpt>
   <trkpt lat="29.99198" lon="120.08373">
    <ele>532.7</ele>
   </trkpt>
   <trkpt lat="29.992290000000004" lon="120.08449000000002">
    <ele>526.64</ele>
   </trkpt>
   <trkpt lat="29.992580000000004" lon="120.08499">
    <ele>522.88</ele>
   </trkpt>
   <trkpt lat="29.99265" lon="120.08501000000001">
    <ele>522.05</ele>
   </trkpt>
   <trkpt lat="29.99264" lon="120.08501000000001">
    <ele>522.05</ele>
   </trkpt>
   <trkpt lat="29.992720000000002" lon="120.08501000000001">
    <ele>521.26</ele>
   </trkpt>
   <trkpt lat="29.992780000000003" lon="120.08487000000001">
    <ele>519.08</ele>
   </trkpt>
   <trkpt lat="29.99273" lon="120.08437">
    <ele>511.24</ele>
   </trkpt>
   <trkpt lat="29.99274" lon="120.08385000000001">
    <ele>506.21999999999997</ele>
   </trkpt>
   <trkpt lat="29.992770000000004" lon="120.08365">
    <ele>505.48</ele>
   </trkpt>
   <trkpt lat="29.992680000000004" lon="120.0828">
    <ele>498.47</ele>
   </trkpt>
   <trkpt lat="29.99273" lon="120.08266">
    <ele>497.09000000000003</ele>
   </trkpt>
   <trkpt lat="29.992790000000003" lon="120.08263000000001">
    <ele>496.16</ele>
   </trkpt>
   <trkpt lat="29.992780000000003" lon="120.08263000000001">
    <ele>496.16</ele>
   </trkpt>
   <trkpt lat="29.99284" lon="120.08268000000001">
    <ele>495.58</ele>
   </trkpt>
   <trkpt lat="29.992850000000004" lon="120.08288">
    <ele>492.53000000000003</ele>
   </trkpt>
   <trkpt lat="29.992950000000004" lon="120.08314000000001">
    <ele>490.21000000000004</ele>
   </trkpt>
   <trkpt lat="29.993180000000002" lon="120.08351">
    <ele>486.29</ele>
   </trkpt>
   <trkpt lat="29.993330000000004" lon="120.08371000000001">
    <ele>484.24000000000007</ele>
   </trkpt>
   <trkpt lat="29.99341" lon="120.08406000000001">
    <ele>480.54</ele>
   </trkpt>
   <trkpt lat="29.993520000000004" lon="120.08417000000001">
    <ele>480.54</ele>
   </trkpt>
   <trkpt lat="29.993800000000004" lon="120.08452000000001">
    <ele>475.98</ele>
   </trkpt>
   <trkpt lat="29.993850000000002" lon="120.08453000000002">
    <ele>475.71000000000004</ele>
   </trkpt>
   <trkpt lat="29.993890000000004" lon="120.08440000000002">
    <ele>474.27000000000004</ele>
   </trkpt>
   <trkpt lat="29.993720000000003" lon="120.08388000000001">
    <ele>468.69000000000005</ele>
   </trkpt>
   <trkpt lat="29.993730000000003" lon="120.08349000000001">
    <ele>464.5</ele>
   </trkpt>
   <trkpt lat="29.993790000000004" lon="120.08332000000001">
    <ele>462.67</ele>
   </trkpt>
   <trkpt lat="29.99387" lon="120.08335000000001">
    <ele>462.67</ele>
   </trkpt>
   <trkpt lat="29.99395" lon="120.08366000000001">
    <ele>459.81000000000006</ele>
   </trkpt>
   <trkpt lat="29.994070000000004" lon="120.08372000000001">
    <ele>458.67</ele>
   </trkpt>
   <trkpt lat="29.99424" lon="120.08390000000001">
    <ele>456.87000000000006</ele>
   </trkpt>
   <trkpt lat="29.99434" lon="120.08409">
    <ele>454.78000000000003</ele>
   </trkpt>
   <trkpt lat="29.994460000000004" lon="120.08416000000001">
    <ele>454.23</ele>
   </trkpt>
   <trkpt lat="29.994730000000004" lon="120.08418">
    <ele>453.17</ele>
   </trkpt>
   <trkpt lat="29.995" lon="120.08427">
    <ele>450.92</ele>
   </trkpt>
   <trkpt lat="29.995050000000003" lon="120.08423">
    <ele>450.62</ele>
   </trkpt>
   <trkpt lat="29.995030000000003" lon="120.08415000000001">
    <ele>449.92</ele>
   </trkpt>
   <trkpt lat="29.994940000000003" lon="120.08408000000001">
    <ele>449.52000000000004</ele>
   </trkpt>
   <trkpt lat="29.99482" lon="120.08402000000001">
    <ele>448.22</ele>
   </trkpt>
   <trkpt lat="29.994640000000004" lon="120.08388000000001">
    <ele>446.14000000000004</ele>
   </trkpt>
   <trkpt lat="29.994540000000004" lon="120.08377000000002">
    <ele>445.66</ele>
   </trkpt>
   <trkpt lat="29.994480000000003" lon="120.08358000000001">
    <ele>444.8</ele>
   </trkpt>
   <trkpt lat="29.99452" lon="120.08342">
    <ele>444.23</ele>
   </trkpt>
   <trkpt lat="29.994600000000002" lon="120.08323000000001">
    <ele>443.42</ele>
   </trkpt>
   <trkpt lat="29.99471" lon="120.08307">
    <ele>443.14000000000004</ele>
   </trkpt>
   <trkpt lat="29.9949" lon="120.08296000000001">
    <ele>442.24</ele>
   </trkpt>
   <trkpt lat="29.995723333420983" lon="120.08293000049476">
    <ele>437.59000000000003</ele>
   </trkpt>
   <trkpt lat="29.99654666683517" lon="120.08290000049185">
    <ele>430.37</ele>
   </trkpt>
   <trkpt lat="29.997370000000004" lon="120.08287000000001">
    <ele>420.99</ele>
   </trkpt>
   <trkpt lat="29.99742" lon="120.08289">
    <ele>420.99</ele>
   </trkpt>
   <trkpt lat="29.997460000000004" lon="120.08297">
    <ele>420.49</ele>
   </trkpt>
   <trkpt lat="29.997450000000004" lon="120.08306">
    <ele>420.49</ele>
   </trkpt>
   <trkpt lat="29.99668" lon="120.08325">
    <ele>411.02000000000004</ele>
   </trkpt>
   <trkpt lat="29.996280000000002" lon="120.08346000000002">
    <ele>407.59</ele>
   </trkpt>
   <trkpt lat="29.996170000000003" lon="120.08355000000002">
    <ele>406.80000000000007</ele>
   </trkpt>
   <trkpt lat="29.996140000000004" lon="120.08367000000001">
    <ele>406.80000000000007</ele>
   </trkpt>
   <trkpt lat="29.996240000000004" lon="120.08380000000001">
    <ele>406.80000000000007</ele>
   </trkpt>
   <trkpt lat="29.996540000000003" lon="120.08365">
    <ele>404.76</ele>
   </trkpt>
   <trkpt lat="29.996740000000003" lon="120.08344000000001">
    <ele>402.91</ele>
   </trkpt>
   <trkpt lat="29.997290000000003" lon="120.08344000000001">
    <ele>399.44</ele>
   </trkpt>
   <trkpt lat="29.99761" lon="120.08336000000001">
    <ele>395.72</ele>
   </trkpt>
   <trkpt lat="29.997860000000003" lon="120.08318000000001">
    <ele>393.39</ele>
   </trkpt>
   <trkpt lat="29.998240000000003" lon="120.08331000000001">
    <ele>391.43000000000006</ele>
   </trkpt>
   <trkpt lat="29.998710000000003" lon="120.08321000000001">
    <ele>385.19</ele>
   </trkpt>
   <trkpt lat="29.99903" lon="120.08317000000001">
    <ele>382.89</ele>
   </trkpt>
   <trkpt lat="29.999660000000002" lon="120.08300000000001">
    <ele>378.50000000000006</ele>
   </trkpt>
   <trkpt lat="29.99978" lon="120.08301000000002">
    <ele>377.96000000000004</ele>
   </trkpt>
   <trkpt lat="29.999820000000003" lon="120.08307">
    <ele>377.21000000000004</ele>
   </trkpt>
   <trkpt lat="29.999810000000004" lon="120.08317000000001">
    <ele>376.75</ele>
   </trkpt>
   <trkpt lat="29.999760000000002" lon="120.08322000000001">
    <ele>376.75</ele>
   </trkpt>
   <trkpt lat="29.999230000099388" lon="120.08337500082528">
    <ele>371.43</ele>
   </trkpt>
   <trkpt lat="29.998700000000003" lon="120.08353000000001">
    <ele>367.04</ele>
   </trkpt>
   <trkpt lat="29.998590000000004" lon="120.08359000000002">
    <ele>366.13</ele>
   </trkpt>
   <trkpt lat="29.998490000000004" lon="120.08372000000001">
    <ele>365.83000000000004</ele>
   </trkpt>
   <trkpt lat="29.998440000000002" lon="120.08390000000001">
    <ele>365.27000000000004</ele>
   </trkpt>
   <trkpt lat="29.998500000000003" lon="120.084">
    <ele>364.89000000000004</ele>
   </trkpt>
   <trkpt lat="29.999035000288146" lon="120.08431999821586">
    <ele>359.14</ele>
   </trkpt>
   <trkpt lat="29.999570000000002" lon="120.08464000000001">
    <ele>353.05</ele>
   </trkpt>
   <trkpt lat="30.000039999830012" lon="120.08476499934707">
    <ele>347.66</ele>
   </trkpt>
   <trkpt lat="30.000510000000002" lon="120.08489000000002">
    <ele>344.76</ele>
   </trkpt>
   <trkpt lat="30.000780000000002" lon="120.08500000000001">
    <ele>341.18</ele>
   </trkpt>
   <trkpt lat="30.001220000000004" lon="120.08532000000001">
    <ele>339.25000000000006</ele>
   </trkpt>
   <trkpt lat="30.001710000000003" lon="120.08558000000001">
    <ele>335.59000000000003</ele>
   </trkpt>
   <trkpt lat="30.00195" lon="120.08560000000001">
    <ele>333.27</ele>
   </trkpt>
   <trkpt lat="30.002000000000002" lon="120.08551000000001">
    <ele>332.18</ele>
   </trkpt>
   <trkpt lat="30.001970000000004" lon="120.08541000000001">
    <ele>332.18</ele>
   </trkpt>
   <trkpt lat="30.00175" lon="120.08533000000001">
    <ele>329.91</ele>
   </trkpt>
   <trkpt lat="30.001450000000002" lon="120.08511000000001">
    <ele>326.23</ele>
   </trkpt>
   <trkpt lat="30.001140000000003" lon="120.08475000000001">
    <ele>323.77</ele>
   </trkpt>
   <trkpt lat="30.000780000000002" lon="120.08452000000001">
    <ele>321.02000000000004</ele>
   </trkpt>
   <trkpt lat="30.000690000000002" lon="120.08441">
    <ele>320.46000000000004</ele>
   </trkpt>
   <trkpt lat="30.00073" lon="120.08432">
    <ele>319.74</ele>
   </trkpt>
   <trkpt lat="30.000860000000003" lon="120.08430000000001">
    <ele>318.88000000000005</ele>
   </trkpt>
   <trkpt lat="30.00101" lon="120.08440000000002">
    <ele>314.65000000000003</ele>
   </trkpt>
   <trkpt lat="30.001690000402917" lon="120.08472999773446">
    <ele>309.15000000000003</ele>
   </trkpt>
   <trkpt lat="30.002370000000003" lon="120.08506000000001">
    <ele>300.65000000000003</ele>
   </trkpt>
   <trkpt lat="30.003210000000003" lon="120.08516000000002">
    <ele>293.3</ele>
   </trkpt>
   <trkpt lat="30.00354" lon="120.08524000000001">
    <ele>289.84000000000003</ele>
   </trkpt>
   <trkpt lat="30.003680000000003" lon="120.08539">
    <ele>288.69</ele>
   </trkpt>
   <trkpt lat="30.004330000000003" lon="120.08531">
    <ele>283.78000000000003</ele>
   </trkpt>
   <trkpt lat="30.00448" lon="120.08536000000001">
    <ele>282.96999999999997</ele>
   </trkpt>
   <trkpt lat="30.005000000000003" lon="120.08537000000001">
    <ele>277.88</ele>
   </trkpt>
   <trkpt lat="30.00549" lon="120.08544">
    <ele>274.62</ele>
   </trkpt>
   <trkpt lat="30.00587" lon="120.08541000000001">
    <ele>270.83</ele>
   </trkpt>
   <trkpt lat="30.006660000650207" lon="120.08579499697824">
    <ele>261.81000000000006</ele>
   </trkpt>
   <trkpt lat="30.007450000000002" lon="120.08618000000001">
    <ele>255.57000000000002</ele>
   </trkpt>
   <trkpt lat="30.007550000000002" lon="120.08615">
    <ele>254.9</ele>
   </trkpt>
   <trkpt lat="30.00757" lon="120.08603000000001">
    <ele>254.04000000000005</ele>
   </trkpt>
   <trkpt lat="30.007530000000003" lon="120.08593">
    <ele>253.07000000000002</ele>
   </trkpt>
   <trkpt lat="30.00728" lon="120.08572000000001">
    <ele>248.98</ele>
   </trkpt>
   <trkpt lat="30.007170000000002" lon="120.08538000000001">
    <ele>246.59000000000003</ele>
   </trkpt>
   <trkpt lat="30.006990000000002" lon="120.08526">
    <ele>243.57</ele>
   </trkpt>
   <trkpt lat="30.006740000000004" lon="120.08521">
    <ele>242.01000000000002</ele>
   </trkpt>
   <trkpt lat="30.006370000000004" lon="120.08499">
    <ele>238.32000000000002</ele>
   </trkpt>
   <trkpt lat="30.005760000000002" lon="120.08451000000001">
    <ele>232.8</ele>
   </trkpt>
   <trkpt lat="30.0054" lon="120.08391">
    <ele>227.64000000000001</ele>
   </trkpt>
   <trkpt lat="30.0054" lon="120.08378">
    <ele>226.68</ele>
   </trkpt>
   <trkpt lat="30.005450000000003" lon="120.08373">
    <ele>225.64000000000001</ele>
   </trkpt>
   <trkpt lat="30.005550000000003" lon="120.08372000000001">
    <ele>225.09</ele>
   </trkpt>
   <trkpt lat="30.005810000000004" lon="120.08380000000001">
    <ele>222.02</ele>
   </trkpt>
   <trkpt lat="30.006220000000003" lon="120.08398000000001">
    <ele>217.44000000000003</ele>
   </trkpt>
   <trkpt lat="30.00682" lon="120.08430000000001">
    <ele>207.5</ele>
   </trkpt>
   <trkpt lat="30.007350000000002" lon="120.08434000000001">
    <ele>200.46000000000004</ele>
   </trkpt>
   <trkpt lat="30.007890000000003" lon="120.08427">
    <ele>195.85000000000002</ele>
   </trkpt>
   <trkpt lat="30.00814" lon="120.08423">
    <ele>192.35000000000002</ele>
   </trkpt>
   <trkpt lat="30.008900000000004" lon="120.08393000000001">
    <ele>184.15</ele>
   </trkpt>
   <trkpt lat="30.00953" lon="120.08358000000001">
    <ele>177.13</ele>
   </trkpt>
   <trkpt lat="30.01005999995471" lon="120.08361999978241">
    <ele>171.76000000000002</ele>
   </trkpt>
   <trkpt lat="30.010590000000004" lon="120.08366000000001">
    <ele>167.36</ele>
   </trkpt>
   <trkpt lat="30.011094999954732" lon="120.08354500060716">
    <ele>162.84</ele>
   </trkpt>
   <trkpt lat="30.0116" lon="120.08343">
    <ele>157.35999999999999</ele>
   </trkpt>
   <trkpt lat="30.012230000000002" lon="120.08331000000001">
    <ele>150.82</ele>
   </trkpt>
   <trkpt lat="30.012950000000004" lon="120.08296000000001">
    <ele>144.97</ele>
   </trkpt>
   <trkpt lat="30.0133" lon="120.08295000000001">
    <ele>142.17000000000002</ele>
   </trkpt>
   <trkpt lat="30.013690000000004" lon="120.08303000000001">
    <ele>140.05</ele>
   </trkpt>
   <trkpt lat="30.014170000000004" lon="120.08287000000001">
    <ele>135.59</ele>
   </trkpt>
   <trkpt lat="30.014720000000004" lon="120.08279">
    <ele>131.88</ele>
   </trkpt>
   <trkpt lat="30.015420000000002" lon="120.08237000000001">
    <ele>128.16000000000003</ele>
   </trkpt>
   <trkpt lat="30.015670000000004" lon="120.08232000000001">
    <ele>123.84</ele>
   </trkpt>
   <trkpt lat="30.016455000350486" lon="120.0826599972713">
    <ele>121.33</ele>
   </trkpt>
   <trkpt lat="30.01724" lon="120.08300000000001">
    <ele>117.74000000000001</ele>
   </trkpt>
   <trkpt lat="30.01788" lon="120.0836">
    <ele>115.0</ele>
   </trkpt>
   <trkpt lat="30.018310000000003" lon="120.08380000000001">
    <ele>113.84</ele>
   </trkpt>
   <trkpt lat="30.018680000000003" lon="120.08388000000001">
    <ele>112.91000000000001</ele>
   </trkpt>
   <trkpt lat="30.018670000000004" lon="120.08388000000001">
    <ele>112.91000000000001</ele>
   </trkpt>
   <trkpt lat="30.018940000000004" lon="120.08382">
    <ele>111.34</ele>
   </trkpt>
   <trkpt lat="30.019140000000004" lon="120.08364000000002">
    <ele>108.89000000000001</ele>
   </trkpt>
   <trkpt lat="30.019330000000004" lon="120.08344000000001">
    <ele>107.17000000000002</ele>
   </trkpt>
   <trkpt lat="30.019530000000003" lon="120.08327000000001">
    <ele>106.07000000000001</ele>
   </trkpt>
   <trkpt lat="30.01976" lon="120.08317000000001">
    <ele>105.29</ele>
   </trkpt>
   <trkpt lat="30.02024499996386" lon="120.08308500042688">
    <ele>101.8</ele>
   </trkpt>
   <trkpt lat="30.020730000000004" lon="120.08300000000001">
    <ele>99.71000000000001</ele>
   </trkpt>
   <trkpt lat="30.021210000383064" lon="120.0828700005429">
    <ele>97.66000000000001</ele>
   </trkpt>
   <trkpt lat="30.021690000000003" lon="120.08274000000002">
    <ele>95.32</ele>
   </trkpt>
   <trkpt lat="30.021900000000002" lon="120.08264000000001">
    <ele>94.21</ele>
   </trkpt>
   <trkpt lat="30.02259" lon="120.08213">
    <ele>92.13</ele>
   </trkpt>
   <trkpt lat="30.02305500003854" lon="120.08188500124832">
    <ele>89.83</ele>
   </trkpt>
   <trkpt lat="30.02352" lon="120.08164000000001">
    <ele>87.56000000000002</ele>
   </trkpt>
   <trkpt lat="30.023690000000002" lon="120.08159">
    <ele>86.91</ele>
   </trkpt>
   <trkpt lat="30.023950000000003" lon="120.08158000000002">
    <ele>86.45000000000002</ele>
   </trkpt>
   <trkpt lat="30.024410000000003" lon="120.08174000000001">
    <ele>85.18</ele>
   </trkpt>
   <trkpt lat="30.024690000000003" lon="120.08175000000001">
    <ele>84.84000000000002</ele>
   </trkpt>
   <trkpt lat="30.024910000000002" lon="120.08170000000001">
    <ele>84.42</ele>
   </trkpt>
   <trkpt lat="30.025150000000004" lon="120.08159">
    <ele>83.42</ele>
   </trkpt>
   <trkpt lat="30.02548" lon="120.08133000000001">
    <ele>82.16000000000001</ele>
   </trkpt>
   <trkpt lat="30.02577" lon="120.08094000000001">
    <ele>80.95</ele>
   </trkpt>
   <trkpt lat="30.02616" lon="120.08021000000001">
    <ele>78.77000000000001</ele>
   </trkpt>
   <trkpt lat="30.026320000000002" lon="120.08003000000001">
    <ele>78.38000000000001</ele>
   </trkpt>
   <trkpt lat="30.027130000000003" lon="120.07976000000001">
    <ele>75.85</ele>
   </trkpt>
   <trkpt lat="30.027510000000003" lon="120.07955000000001">
    <ele>74.23</ele>
   </trkpt>
   <trkpt lat="30.027770000000004" lon="120.07934000000002">
    <ele>73.69</ele>
   </trkpt>
   <trkpt lat="30.028145000612334" lon="120.07890500176524">
    <ele>71.22</ele>
   </trkpt>
   <trkpt lat="30.028520000000004" lon="120.07847000000001">
    <ele>68.89</ele>
   </trkpt>
   <trkpt lat="30.028965000654715" lon="120.07807500171577">
    <ele>66.53</ele>
   </trkpt>
   <trkpt lat="30.029410000000002" lon="120.07768000000002">
    <ele>65.2</ele>
   </trkpt>
   <trkpt lat="30.029970000000002" lon="120.07701000000002">
    <ele>65.08</ele>
   </trkpt>
   <trkpt lat="30.03018" lon="120.07674000000002">
    <ele>64.44000000000001</ele>
   </trkpt>
   <trkpt lat="30.03056" lon="120.0764">
    <ele>62.49</ele>
   </trkpt>
   <trkpt lat="30.030810000000002" lon="120.07624000000001">
    <ele>62.09</ele>
   </trkpt>
   <trkpt lat="30.031280000000002" lon="120.07617">
    <ele>61.540000000000006</ele>
   </trkpt>
   <trkpt lat="30.031420000000004" lon="120.07607000000002">
    <ele>61.45</ele>
   </trkpt>
   <trkpt lat="30.031540000000003" lon="120.07589000000002">
    <ele>60.980000000000004</ele>
   </trkpt>
   <trkpt lat="30.031930000000003" lon="120.07521000000001">
    <ele>59.96000000000001</ele>
   </trkpt>
   <trkpt lat="30.032405001572425" lon="120.07459500276327">
    <ele>57.75</ele>
   </trkpt>
   <trkpt lat="30.032880000000002" lon="120.07398">
    <ele>55.39</ele>
   </trkpt>
   <trkpt lat="30.032980000000002" lon="120.07372000000001">
    <ele>54.37</ele>
   </trkpt>
   <trkpt lat="30.03308" lon="120.07333000000001">
    <ele>53.7</ele>
   </trkpt>
   <trkpt lat="30.033130000000003" lon="120.07286">
    <ele>52.64000000000001</ele>
   </trkpt>
   <trkpt lat="30.033310000000004" lon="120.07215000000001">
    <ele>53.08</ele>
   </trkpt>
   <trkpt lat="30.034010000000002" lon="120.0716">
    <ele>50.53</ele>
   </trkpt>
   <trkpt lat="30.034570000000002" lon="120.07104000000001">
    <ele>48.96</ele>
   </trkpt>
   <trkpt lat="30.034820000000003" lon="120.07089">
    <ele>47.89</ele>
   </trkpt>
   <trkpt lat="30.035180000000004" lon="120.07085000000001">
    <ele>46.650000000000006</ele>
   </trkpt>
   <trkpt lat="30.035400000000003" lon="120.07093">
    <ele>46.17</ele>
   </trkpt>
   <trkpt lat="30.035670000000003" lon="120.07076">
    <ele>44.190000000000005</ele>
   </trkpt>
   <trkpt lat="30.036220000000004" lon="120.07035">
    <ele>41.27</ele>
   </trkpt>
   <trkpt lat="30.036590000752547" lon="120.06997000120681">
    <ele>40.92</ele>
   </trkpt>
   <trkpt lat="30.036960000000004" lon="120.06959">
    <ele>40.57</ele>
   </trkpt>
   <trkpt lat="30.037450000000003" lon="120.06906000000001">
    <ele>38.84</ele>
   </trkpt>
   <trkpt lat="30.038006667370144" lon="120.06876000335852">
    <ele>35.95</ele>
   </trkpt>
   <trkpt lat="30.038563334059607" lon="120.06846000334627">
    <ele>34.870000000000005</ele>
   </trkpt>
   <trkpt lat="30.039120000000004" lon="120.06816">
    <ele>32.17</ele>
   </trkpt>
   <trkpt lat="30.039330000000003" lon="120.06796000000001">
    <ele>31.580000000000002</ele>
   </trkpt>
   <trkpt lat="30.039810000000003" lon="120.0674">
    <ele>30.310000000000002</ele>
   </trkpt>
   <trkpt lat="30.040180000733645" lon="120.06693500184218">
    <ele>29.75</ele>
   </trkpt>
   <trkpt lat="30.040550000000003" lon="120.06647000000001">
    <ele>29.380000000000003</ele>
   </trkpt>
   <trkpt lat="30.0408" lon="120.06638000000001">
    <ele>28.96</ele>
   </trkpt>
   <trkpt lat="30.041090000000004" lon="120.06638000000001">
    <ele>28.55</ele>
   </trkpt>
   <trkpt lat="30.0419050002571" lon="120.06668499745554">
    <ele>27.12</ele>
   </trkpt>
   <trkpt lat="30.042720000000003" lon="120.06699">
    <ele>24.450000000000003</ele>
   </trkpt>
   <trkpt lat="30.043060000000004" lon="120.06694000000002">
    <ele>23.58</ele>
   </trkpt>
   <trkpt lat="30.0437" lon="120.06666000000001">
    <ele>23.040000000000003</ele>
   </trkpt>
   <trkpt lat="30.044230000000002" lon="120.06614">
    <ele>22.480000000000004</ele>
   </trkpt>
   <trkpt lat="30.044675000894173" lon="120.06564000230382">
    <ele>22.13</ele>
   </trkpt>
   <trkpt lat="30.04512" lon="120.06514000000001">
    <ele>21.36</ele>
   </trkpt>
   <trkpt lat="30.045320000000004" lon="120.06502">
    <ele>21.36</ele>
   </trkpt>
   <trkpt lat="30.045920000000002" lon="120.06485">
    <ele>20.25</ele>
   </trkpt>
   <trkpt lat="30.046460000000003" lon="120.06456000000001">
    <ele>20.080000000000002</ele>
   </trkpt>
   <trkpt lat="30.046770000000002" lon="120.06424000000001">
    <ele>19.78</ele>
   </trkpt>
   <trkpt lat="30.04708" lon="120.06385000000002">
    <ele>19.5</ele>
   </trkpt>
   <trkpt lat="30.047410000000003" lon="120.06361000000001">
    <ele>19.270000000000003</ele>
   </trkpt>
   <trkpt lat="30.047780000000003" lon="120.06341">
    <ele>18.580000000000002</ele>
   </trkpt>
   <trkpt lat="30.048540000000003" lon="120.06309000000002">
    <ele>18.04</ele>
   </trkpt>
   <trkpt lat="30.049120000000002" lon="120.06278">
    <ele>18.22</ele>
   </trkpt>
   <trkpt lat="30.04965000035965" lon="120.06245500176365">
    <ele>18.48</ele>
   </trkpt>
   <trkpt lat="30.05018" lon="120.06213000000001">
    <ele>18.37</ele>
   </trkpt>
   <trkpt lat="30.05084" lon="120.06171">
    <ele>16.020000000000003</ele>
   </trkpt>
   <trkpt lat="30.05130000011723" lon="120.06143500137829">
    <ele>14.42</ele>
   </trkpt>
   <trkpt lat="30.05176" lon="120.06116000000002">
    <ele>14.780000000000001</ele>
   </trkpt>
   <trkpt lat="30.052200000000003" lon="120.06094000000002">
    <ele>15.420000000000002</ele>
   </trkpt>
   <trkpt lat="30.052490000763914" lon="120.06134999898038">
    <ele>15.600000000000001</ele>
   </trkpt>
   <trkpt lat="30.052780000000002" lon="120.06176">
    <ele>15.680000000000003</ele>
   </trkpt>
   <trkpt lat="30.053285001724912" lon="120.06244499643881">
    <ele>15.91</ele>
   </trkpt>
   <trkpt lat="30.053790000000003" lon="120.06313000000002">
    <ele>15.72</ele>
   </trkpt>
   <trkpt lat="30.05422" lon="120.06379000000001">
    <ele>16.240000000000002</ele>
   </trkpt>
   <trkpt lat="30.054580001386665" lon="120.0643799979695">
    <ele>16.240000000000002</ele>
   </trkpt>
   <trkpt lat="30.054940000000002" lon="120.06497000000002">
    <ele>16.16</ele>
   </trkpt>
   <trkpt lat="30.05538333862729" lon="120.06580665917033">
    <ele>15.250000000000002</ele>
   </trkpt>
   <trkpt lat="30.055826671958414" lon="120.06664332583269">
    <ele>14.39</ele>
   </trkpt>
   <trkpt lat="30.05627" lon="120.06748">
    <ele>15.250000000000002</ele>
   </trkpt>
   <trkpt lat="30.056690004170424" lon="120.068223327009">
    <ele>16.18</ele>
   </trkpt>
   <trkpt lat="30.057110004160265" lon="120.06896666032426">
    <ele>17.040000000000003</ele>
   </trkpt>
   <trkpt lat="30.057530000000003" lon="120.06971000000001">
    <ele>17.220000000000002</ele>
   </trkpt>
   <trkpt lat="30.058030000000002" lon="120.07050000000001">
    <ele>17.57</ele>
   </trkpt>
   <trkpt lat="30.05831000109871" lon="120.07102999856927">
    <ele>17.740000000000002</ele>
   </trkpt>
   <trkpt lat="30.058590000000002" lon="120.07156">
    <ele>17.79</ele>
   </trkpt>
   <trkpt lat="30.058730000000004" lon="120.07188000000001">
    <ele>17.75</ele>
   </trkpt>
   <trkpt lat="30.05908127193367" lon="120.072789977408">
    <ele>18.14</ele>
   </trkpt>
   <trkpt lat="30.059432537601804" lon="120.07369996127323">
    <ele>17.45</ele>
   </trkpt>
   <trkpt lat="30.059783797004272" lon="120.07460995159587">
    <ele>16.21</ele>
   </trkpt>
   <trkpt lat="30.060135050140936" lon="120.07551994837584">
    <ele>16.62</ele>
   </trkpt>
   <trkpt lat="30.060486297011668" lon="120.0764299516132">
    <ele>16.57</ele>
   </trkpt>
   <trkpt lat="30.060837537616326" lon="120.07733996130797">
    <ele>16.200000000000003</ele>
   </trkpt>
   <trkpt lat="30.06118877195479" lon="120.07824997746016">
    <ele>17.12</ele>
   </trkpt>
   <trkpt lat="30.06154" lon="120.07916000000002">
    <ele>18.87</ele>
   </trkpt>
   <trkpt lat="30.061920000000004" lon="120.08006">
    <ele>19.01</ele>
   </trkpt>
   <trkpt lat="30.06228500694694" lon="120.08084249133769">
    <ele>18.61</ele>
   </trkpt>
   <trkpt lat="30.062650009260647" lon="120.08162498844591">
    <ele>18.36</ele>
   </trkpt>
   <trkpt lat="30.06301500694101" lon="120.08240749132472">
    <ele>18.45</ele>
   </trkpt>
   <trkpt lat="30.063380000000002" lon="120.08319000000002">
    <ele>18.8</ele>
   </trkpt>
   <trkpt lat="30.063783339231488" lon="120.08407332612073">
    <ele>18.89</ele>
   </trkpt>
   <trkpt lat="30.06418667255852" lon="120.08495665944012">
    <ele>18.56</ele>
   </trkpt>
   <trkpt lat="30.064590000000003" lon="120.08584">
    <ele>18.05</ele>
   </trkpt>
   <trkpt lat="30.06492" lon="120.08649000000001">
    <ele>17.640000000000004</ele>
   </trkpt>
   <trkpt lat="30.065290001691366" lon="120.08716999735101">
    <ele>17.61</ele>
   </trkpt>
   <trkpt lat="30.06566" lon="120.08785">
    <ele>18.02</ele>
   </trkpt>
   <trkpt lat="30.06576" lon="120.08824000000001">
    <ele>17.75</ele>
   </trkpt>
   <trkpt lat="30.06584" lon="120.08838000000002">
    <ele>17.75</ele>
   </trkpt>
   <trkpt lat="30.06611500084568" lon="120.08881499899654">
    <ele>17.66</ele>
   </trkpt>
   <trkpt lat="30.066390000000002" lon="120.08925">
    <ele>15.410000000000002</ele>
   </trkpt>
   <trkpt lat="30.066480000000002" lon="120.0892">
    <ele>15.410000000000002</ele>
   </trkpt>
   <trkpt lat="30.06696" lon="120.08999000000001">
    <ele>15.360000000000001</ele>
   </trkpt>
   <trkpt lat="30.06746500231086" lon="120.0907649961041">
    <ele>15.65</ele>
   </trkpt>
   <trkpt lat="30.067970000000003" lon="120.09154000000001">
    <ele>16.990000000000002</ele>
   </trkpt>
   <trkpt lat="30.068265000740794" lon="120.09201499840223">
    <ele>17.16</ele>
   </trkpt>
   <trkpt lat="30.06856" lon="120.09249000000001">
    <ele>17.14</ele>
   </trkpt>
   <trkpt lat="30.06890500134483" lon="120.09308499793475">
    <ele>17.01</ele>
   </trkpt>
   <trkpt lat="30.069250000000004" lon="120.09368">
    <ele>16.740000000000002</ele>
   </trkpt>
   <trkpt lat="30.069555001207874" lon="120.09424499825853">
    <ele>16.66</ele>
   </trkpt>
   <trkpt lat="30.069860000000002" lon="120.09481000000001">
    <ele>16.790000000000003</ele>
   </trkpt>
   <trkpt lat="30.070273339188358" lon="120.09568999263642">
    <ele>17.040000000000003</ele>
   </trkpt>
   <trkpt lat="30.07068667251595" lon="120.0965699926241">
    <ele>17.060000000000002</ele>
   </trkpt>
   <trkpt lat="30.0711" lon="120.09745000000001">
    <ele>16.64</ele>
   </trkpt>
   <trkpt lat="30.071440006609613" lon="120.09838332696549">
    <ele>16.52</ele>
   </trkpt>
   <trkpt lat="30.071780006626405" lon="120.09931666034477">
    <ele>16.89</ele>
   </trkpt>
   <trkpt lat="30.07212" lon="120.10025000000002">
    <ele>16.92</ele>
   </trkpt>
   <trkpt lat="30.07243750904539" lon="120.10114249141503">
    <ele>17.040000000000003</ele>
   </trkpt>
   <trkpt lat="30.072755012062117" lon="120.10203498855766">
    <ele>16.87</ele>
   </trkpt>
   <trkpt lat="30.07307250905007" lon="120.10292749142786">
    <ele>16.53</ele>
   </trkpt>
   <trkpt lat="30.073390000000003" lon="120.10382000000001">
    <ele>16.080000000000002</ele>
   </trkpt>
   <trkpt lat="30.073555000999196" lon="120.10430999945186">
    <ele>16.080000000000002</ele>
   </trkpt>
   <trkpt lat="30.07372" lon="120.10480000000001">
    <ele>16.18</ele>
   </trkpt>
   <trkpt lat="30.07392" lon="120.10552000000001">
    <ele>16.330000000000002</ele>
   </trkpt>
   <trkpt lat="30.07404500117077" lon="120.10606999941957">
    <ele>16.62</ele>
   </trkpt>
   <trkpt lat="30.074170000000002" lon="120.10662">
    <ele>16.630000000000003</ele>
   </trkpt>
   <trkpt lat="30.074320000000004" lon="120.10753000000001">
    <ele>16.5</ele>
   </trkpt>
   <trkpt lat="30.074450000000002" lon="120.10855000000001">
    <ele>15.92</ele>
   </trkpt>
   <trkpt lat="30.074500000000004" lon="120.10912">
    <ele>15.790000000000001</ele>
   </trkpt>
   <trkpt lat="30.074530000000003" lon="120.11004000000001">
    <ele>15.81</ele>
   </trkpt>
   <trkpt lat="30.074550000000002" lon="120.11080000000001">
    <ele>16.34</ele>
   </trkpt>
   <trkpt lat="30.074460000000002" lon="120.11141">
    <ele>16.810000000000002</ele>
   </trkpt>
   <trkpt lat="30.074460000000002" lon="120.11192000000001">
    <ele>16.78</ele>
   </trkpt>
   <trkpt lat="30.074530000000003" lon="120.11247000000002">
    <ele>16.48</ele>
   </trkpt>
   <trkpt lat="30.07458" lon="120.11273000000001">
    <ele>16.580000000000002</ele>
   </trkpt>
   <trkpt lat="30.073973333267755" lon="120.1127099997525">
    <ele>14.360000000000001</ele>
   </trkpt>
   <trkpt lat="30.073366666532472" lon="120.11268999975024">
    <ele>13.88</ele>
   </trkpt>
   <trkpt lat="30.072760000000002" lon="120.11267000000001">
    <ele>13.680000000000001</ele>
   </trkpt>
   <trkpt lat="30.072280000113516" lon="120.11278000051809">
    <ele>13.620000000000001</ele>
   </trkpt>
   <trkpt lat="30.071800000000003" lon="120.11289000000001">
    <ele>13.580000000000002</ele>
   </trkpt>
   <trkpt lat="30.070970000000003" lon="120.11312000000001">
    <ele>13.850000000000001</ele>
   </trkpt>
   <trkpt lat="30.07045" lon="120.11359000000002">
    <ele>13.98</ele>
   </trkpt>
   <trkpt lat="30.06988" lon="120.11435000000002">
    <ele>13.850000000000001</ele>
   </trkpt>
  </trkseg>
 </trk>
</gpx>
